,응답자ID,조사시작일자,성별구분코드,연령대구분명,답변자거주지역명,가구소득정도명,중국여행관심값,일본여행관심값,홍콩마카오여행관심값,동남아시아여행관심값,중동서남아시아여행관심값,미국캐나다여행관심값,남미중남미여행관심값,서유럽북유럽여행관심값,동유럽여행관심값,남유럽여행관심값,남태평양여행관심값,아프리카여행관심값
0,53323765,20230828,F,60,서울특별시,2.0,3,3,1,1,3,4,3,4,1,2,5,1
1,53324726,20230828,F,60,서울특별시,3.0,2,3,3,3,3,4,3,4,3,3,4,2
2,53365304,20230828,F,60,서울특별시,2.0,1,2,3,3,3,3,3,3,3,3,3,3
3,53322673,20230828,F,60,서울특별시,2.0,2,2,3,4,2,3,4,3,4,4,4,3
4,53323927,20230828,F,60,서울특별시,2.0,3,3,3,4,4,4,4,4,3,4,3,3
5,53346245,20230828,F,60,서울특별시,2.0,3,3,3,3,5,4,3,3,4,5,4,1
6,53327286,20230828,F,50,경기도,2.0,2,2,3,1,3,3,3,2,3,2,3,3
7,53331218,20230828,F,50,경기도,4.0,1,4,3,4,2,3,3,4,3,3,4,3
8,53332216,20230828,F,50,경기도,3.0,3,2,3,4,3,3,3,4,4,4,4,3
9,53325901,20230828,F,50,경기도,3.0,2,1,3,3,2,2,2,3,2,2,2,1
10,53336938,20230828,F,50,경기도,2.0,1,5,5,4,4,4,3,3,3,3,3,3
11,53375321,20230828,F,50,경기도,4.0,2,3,2,4,4,3,2,3,4,3,4,3
12,53375359,20230828,F,50,경기도,3.0,2,1,3,3,3,4,3,5,4,4,4,3
13,53327300,20230828,F,50,경기도,2.0,2,3,3,3,1,4,4,3,2,4,4,1
14,53350084,20230828,F,50,경기도,3.0,2,4,2,3,4,4,3,3,3,3,4,1
15,53370715,20230828,F,50,경기도,4.0,2,2,3,3,3,4,4,4,3,4,4,4
16,53343854,20230828,F,50,경기도,1.0,3,1,3,3,2,2,3,3,1,3,3,3
17,53369842,20230828,F,50,대구광역시,1.0,3,3,4,3,4,3,4,4,4,4,4,3
18,53350473,20230828,F,50,전라남도,1.0,4,5,3,2,4,5,4,2,3,3,3,3
19,53357898,20230828,F,50,전라남도,4.0,2,3,3,3,3,3,3,3,3,3,3,3
20,53328379,20230828,F,50,전라남도,3.0,1,1,3,1,4,1,1,5,5,5,4,1
21,53353778,20230828,F,40,경기도,3.0,3,5,3,4,3,3,3,5,4,4,4,3
22,53365448,20230828,F,40,경기도,4.0,3,4,3,3,3,5,3,4,4,4,5,3
23,53330062,20230828,F,40,경기도,3.0,3,3,3,4,3,3,3,3,3,3,3,3
24,53354823,20230828,F,40,경기도,4.0,1,4,4,5,1,4,3,5,3,4,4,3
25,53354681,20230828,F,40,경기도,2.0,1,1,2,5,2,2,2,2,3,3,5,1
26,53352695,20230828,F,40,경기도,2.0,1,2,3,5,1,2,1,2,3,2,5,1
27,53323813,20230828,F,40,서울특별시,2.0,2,5,5,5,3,5,5,5,5,5,5,2
28,53374461,20230828,F,40,서울특별시,1.0,1,1,1,1,1,1,1,1,1,1,1,1
29,53358079,20230828,F,40,서울특별시,4.0,2,1,2,3,1,4,2,4,5,4,5,1
30,53322770,20230828,F,40,서울특별시,2.0,3,1,3,4,3,3,3,3,3,3,3,3
31,53340630,20230828,F,40,충청북도,2.0,2,1,2,2,3,4,4,3,3,3,3,3
32,53357518,20230828,F,30,경기도,1.0,1,3,3,1,2,4,2,4,4,4,3,1
33,53345315,20230828,F,30,경기도,2.0,1,5,5,5,1,1,1,1,1,1,3,1
34,53348157,20230828,F,30,경기도,3.0,1,1,3,2,2,2,2,2,2,2,3,2
35,53340774,20230828,F,30,충청북도,2.0,2,1,1,3,5,2,5,2,5,2,3,5
36,53345510,20230828,F,30,전라북도,4.0,2,1,4,3,1,3,1,4,4,4,4,1
37,53336448,20230828,F,20,서울특별시,3.0,3,5,5,4,2,3,2,4,3,3,3,2
38,53343397,20230828,F,20,서울특별시,1.0,4,4,3,5,2,3,2,2,3,2,5,3
39,53325386,20230828,F,20,서울특별시,4.0,4,4,4,5,1,3,3,4,4,4,4,2
40,53324543,20230828,F,20,서울특별시,2.0,2,2,1,5,1,1,4,2,3,3,1,3
41,53374720,20230828,F,20,서울특별시,3.0,1,5,2,3,2,4,2,5,4,3,4,1
42,53359321,20230828,F,20,서울특별시,3.0,3,2,3,4,1,2,3,2,3,3,4,3
43,53368610,20230828,F,20,서울특별시,1.0,1,4,3,4,1,3,1,5,4,4,3,1
44,459926,20230828,F,20,부산광역시,2.0,2,4,2,3,3,3,2,3,2,3,4,3
45,53335911,20230828,F,20,부산광역시,2.0,2,3,4,5,1,3,1,3,3,4,4,1
46,53337423,20230828,F,20,부산광역시,2.0,1,1,4,5,2,3,4,2,4,5,4,3
47,53353134,20230828,M,60,부산광역시,4.0,3,4,4,3,4,4,4,4,4,4,4,4
48,53350918,20230828,M,60,부산광역시,3.0,2,1,2,3,2,2,2,3,2,3,3,1
49,53344620,20230828,M,50,대전광역시,4.0,3,1,3,4,4,3,3,4,3,3,3,3
50,53355730,20230828,M,50,울산광역시,2.0,1,3,3,3,3,3,3,4,4,4,4,3
51,53363205,20230828,M,40,경기도,2.0,3,1,3,4,3,3,1,4,3,3,3,1
52,53353515,20230828,M,40,경기도,4.0,2,3,3,2,3,3,3,3,4,3,4,3
53,53361049,20230828,M,40,경기도,2.0,1,3,3,4,2,4,2,5,4,4,4,1
54,53372414,20230828,M,40,경기도,4.0,1,4,3,3,1,5,1,4,4,4,5,1
55,53375628,20230828,M,40,경기도,2.0,1,3,3,3,1,3,3,3,3,3,3,1
56,53344431,20230828,M,40,경기도,2.0,1,4,2,4,3,1,1,3,3,2,3,3
57,53368306,20230828,M,40,경기도,3.0,3,2,2,3,3,2,3,4,4,4,3,3
58,53352836,20230828,M,40,경기도,2.0,2,1,3,3,2,3,3,3,3,3,3,1
59,53373410,20230828,M,40,서울특별시,4.0,1,3,1,3,2,3,5,5,3,5,3,1
60,53373065,20230828,M,30,광주광역시,3.0,1,4,2,4,1,4,3,3,4,3,4,3
61,53366698,20230828,M,30,충청북도,2.0,3,3,3,3,3,3,2,4,3,3,3,3
62,53350886,20230828,M,30,충청북도,1.0,1,1,1,1,1,1,1,1,1,1,1,1
63,53376601,20230828,M,30,경상남도,2.0,2,4,5,5,1,5,5,5,5,5,5,4
64,53344329,20230828,M,30,경상남도,3.0,1,5,4,5,3,4,1,1,1,1,4,1
65,53369545,20230828,M,30,경상남도,2.0,2,2,3,3,2,3,2,3,3,3,3,2
66,53361492,20230828,F,50,전라북도,4.0,3,3,3,4,2,3,3,4,4,4,4,4
67,107336,20230828,F,60,전라남도,3.0,4,3,4,4,5,5,4,4,5,4,5,5
68,366312,20230828,F,60,경상북도,1.0,2,5,4,3,3,3,3,4,4,4,4,3
69,447283,20230828,F,60,경상남도,4.0,2,1,5,3,2,4,5,3,3,5,5,3
70,461496,20230828,M,20,경기도,1.0,3,3,3,3,3,3,3,3,3,3,3,3
71,461885,20230828,M,20,전라남도,1.0,1,1,1,1,1,4,1,4,4,4,4,1
72,463926,20230828,M,20,서울특별시,3.0,1,4,1,3,2,3,3,4,3,2,4,1
73,465148,20230828,M,20,광주광역시,2.0,3,4,3,3,2,3,3,2,3,4,2,2
74,53322222,20230828,M,30,서울특별시,3.0,1,4,3,4,2,4,3,3,3,3,4,1
75,53322956,20230828,M,60,서울특별시,2.0,2,2,3,3,3,4,3,3,3,3,3,2
76,53323309,20230828,M,30,서울특별시,2.0,3,5,3,4,3,3,3,1,4,5,3,1
77,53323443,20230828,F,30,서울특별시,2.0,1,1,3,5,1,3,1,3,1,3,3,1
78,53324299,20230828,F,20,경기도,2.0,1,4,3,2,1,3,4,3,4,4,5,3
79,53324432,20230828,M,20,서울특별시,2.0,3,5,4,5,4,5,3,5,5,5,4,3
80,53325127,20230828,M,60,서울특별시,3.0,4,3,1,4,1,1,4,1,1,1,1,1
81,53325141,20230828,M,20,서울특별시,2.0,4,5,3,3,2,3,3,4,3,3,3,1
82,53325330,20230828,M,60,서울특별시,2.0,2,2,3,3,2,3,3,3,3,3,3,3
83,53325513,20230828,M,60,울산광역시,3.0,1,1,3,1,1,3,4,3,3,3,3,1
84,53326191,20230828,M,60,충청북도,3.0,2,1,2,4,3,3,2,3,3,3,4,2
85,53326343,20230828,M,60,경기도,2.0,2,3,2,2,2,3,4,3,4,3,4,3
86,53326473,20230828,M,20,충청남도(세종시 포함),4.0,1,4,4,4,4,3,3,3,3,3,3,3
87,53326696,20230828,M,30,경기도,4.0,1,1,2,5,1,3,4,4,4,3,4,3
88,53327070,20230828,F,60,부산광역시,2.0,4,4,2,4,4,4,3,4,4,5,4,3
89,53328013,20230828,F,50,서울특별시,2.0,3,3,3,3,1,4,2,4,4,4,3,3
90,53328593,20230828,F,40,대구광역시,2.0,1,1,3,4,3,4,3,5,5,5,5,3
91,53328827,20230828,F,50,대전광역시,4.0,3,4,3,3,2,4,3,4,4,3,3,3
92,53328909,20230828,F,40,울산광역시,4.0,1,3,4,3,3,4,3,4,4,4,3,3
93,53329502,20230828,F,30,경상남도,2.0,1,1,3,4,2,2,2,2,2,2,4,2
94,53329506,20230828,M,20,경기도,2.0,2,4,3,3,2,3,3,4,3,3,3,3
95,53329720,20230828,M,30,경기도,3.0,1,3,4,3,1,4,1,4,4,4,3,1
96,53329778,20230828,M,40,부산광역시,3.0,1,1,3,1,1,3,1,4,4,4,4,1
97,53330111,20230828,F,40,전라북도,1.0,2,1,3,3,4,5,1,5,5,4,4,3
98,53330263,20230828,F,30,대구광역시,3.0,2,4,4,4,1,3,2,3,3,3,4,2
99,53330719,20230828,M,40,제주도,2.0,1,1,3,3,2,3,4,3,3,3,4,3
100,53330740,20230828,M,50,경기도,2.0,3,3,4,5,2,3,4,3,3,4,4,2
101,53330957,20230828,M,20,충청북도,1.0,3,4,4,3,3,4,4,4,3,3,4,3
102,53331095,20230828,M,50,서울특별시,3.0,2,4,3,4,3,3,3,3,4,3,3,3
103,53331173,20230828,F,30,인천광역시,3.0,1,4,4,4,3,5,4,5,5,5,5,3
104,53331201,20230828,F,20,충청남도(세종시 포함),3.0,3,4,3,4,3,2,3,4,2,4,4,3
105,53331344,20230828,M,40,광주광역시,1.0,3,3,3,4,3,3,3,3,3,3,3,3
106,53331372,20230828,M,50,서울특별시,2.0,1,5,1,5,3,3,1,3,3,4,3,1
107,53331389,20230828,M,20,경기도,1.0,1,3,5,4,1,1,1,1,1,1,1,1
108,53331657,20230828,M,30,경기도,2.0,3,3,3,3,3,3,3,3,3,3,3,3
109,53331723,20230828,M,60,경기도,1.0,2,3,4,3,4,4,3,4,4,4,3,2
110,53331812,20230828,F,50,서울특별시,4.0,3,3,3,3,4,3,3,4,4,4,3,3
111,53332051,20230828,M,60,인천광역시,4.0,2,2,3,4,3,3,4,2,2,3,4,3
112,53332782,20230828,F,60,충청남도(세종시 포함),3.0,3,3,3,3,2,2,2,2,2,2,2,1
113,53332839,20230828,M,20,전라남도,1.0,2,4,3,3,3,3,3,4,4,4,4,2
114,53332974,20230828,M,30,경기도,2.0,2,4,3,3,3,3,3,3,2,3,3,3
115,53333418,20230828,F,60,인천광역시,2.0,1,2,4,2,2,4,4,5,4,5,3,2
116,53334099,20230828,M,50,경기도,4.0,2,4,3,4,4,3,3,4,3,3,3,4
117,53334180,20230828,F,60,경상남도,2.0,2,3,4,3,3,5,4,3,4,2,4,3
118,53335414,20230828,F,40,인천광역시,3.0,3,1,3,4,1,3,2,3,3,3,4,3
119,53335576,20230828,M,20,강원도,2.0,3,4,3,3,1,4,1,3,4,3,4,1
120,53336023,20230828,F,40,부산광역시,3.0,1,1,1,5,1,3,1,5,3,1,5,1
121,53336074,20230828,F,30,서울특별시,1.0,1,1,3,1,1,4,1,3,2,4,3,1
122,53336386,20230828,F,50,인천광역시,4.0,2,2,3,3,3,4,4,4,4,4,3,3
123,53336603,20230828,F,20,대구광역시,2.0,3,3,3,3,3,5,3,3,3,3,3,3
124,53336615,20230828,F,40,충청남도(세종시 포함),3.0,1,4,3,3,2,5,5,5,5,5,5,1
125,53337005,20230828,M,50,서울특별시,4.0,3,3,2,3,2,2,2,3,3,3,3,2
126,53337066,20230828,M,30,서울특별시,2.0,3,3,3,3,3,3,3,3,3,3,3,3
127,53337476,20230828,F,30,인천광역시,1.0,1,3,2,1,3,4,3,3,4,4,3,4
128,53337522,20230828,M,30,경상북도,2.0,1,3,2,2,2,4,2,4,2,4,3,2
129,53337961,20230828,F,60,경상남도,3.0,4,1,4,4,3,3,3,3,3,3,3,3
130,53338314,20230828,F,50,울산광역시,2.0,1,2,2,3,1,1,1,1,1,1,2,1
131,53338420,20230828,F,30,대전광역시,3.0,1,1,4,1,1,2,1,2,1,3,3,3
132,53338816,20230828,F,40,광주광역시,1.0,3,2,3,4,3,3,3,3,3,3,3,2
133,53338975,20230828,M,60,서울특별시,3.0,1,4,1,1,1,4,1,4,1,3,2,1
134,53339632,20230828,M,20,충청남도(세종시 포함),2.0,1,4,4,4,3,3,3,3,3,3,4,2
135,53340224,20230828,M,60,대구광역시,1.0,2,1,2,3,2,2,2,2,2,1,1,1
136,53340899,20230828,M,60,강원도,2.0,2,4,2,3,2,3,2,2,2,2,2,3
137,53341062,20230828,M,30,서울특별시,2.0,1,1,1,1,1,1,1,1,1,1,1,1
138,53341318,20230828,M,60,전라북도,4.0,3,2,3,3,4,3,3,4,4,4,3,3
139,53341537,20230828,F,30,경상북도,3.0,3,4,3,3,3,3,3,3,3,3,4,3
140,53342074,20230828,F,50,부산광역시,1.0,3,2,3,4,3,3,3,4,3,3,4,1
141,53342808,20230828,F,20,강원도,1.0,2,4,3,4,3,4,2,3,3,3,3,1
142,53343100,20230828,M,50,충청북도,2.0,3,3,3,3,3,3,3,3,3,3,3,3
143,53343297,20230828,M,30,서울특별시,2.0,1,4,1,3,1,5,1,5,3,1,5,1
144,53343330,20230828,F,40,광주광역시,4.0,3,2,2,2,2,4,2,4,2,4,4,2
145,53343380,20230828,M,30,서울특별시,4.0,1,4,3,4,1,4,1,3,2,3,4,1
146,53343756,20230828,F,40,충청남도(세종시 포함),3.0,1,3,3,4,2,3,3,4,5,4,4,3
147,53343827,20230828,M,60,광주광역시,1.0,4,4,3,3,3,4,3,4,4,4,3,2
148,53344144,20230828,F,60,경상남도,4.0,1,1,2,3,2,3,3,2,2,1,3,1
149,53345357,20230828,M,60,경상북도,4.0,3,4,2,3,3,3,3,3,2,2,3,2
150,53346019,20230828,M,30,부산광역시,1.0,3,3,3,3,3,3,3,3,3,3,3,3
151,53346213,20230828,M,20,경기도,2.0,2,4,3,3,2,3,3,4,3,2,3,2
152,53346369,20230828,M,50,광주광역시,3.0,3,1,4,3,1,3,3,3,4,1,5,3
153,53346461,20230828,M,20,강원도,2.0,1,5,3,3,3,3,3,3,3,3,3,1
154,53346582,20230828,M,20,경기도,2.0,3,3,3,3,3,3,3,3,3,3,3,3
155,53346590,20230828,M,50,부산광역시,3.0,2,3,2,3,3,3,2,4,1,3,3,2
156,53346616,20230828,M,60,강원도,4.0,4,4,3,5,1,4,1,2,2,2,2,1
157,53346716,20230828,F,50,경상남도,2.0,5,5,4,5,5,3,3,5,5,5,5,2
158,53346821,20230828,M,40,경상남도,3.0,3,1,3,4,1,1,3,4,4,3,3,3
159,53346936,20230828,F,60,부산광역시,1.0,1,3,4,4,2,2,4,5,4,3,4,1
160,53347765,20230828,F,30,경상남도,3.0,3,5,3,5,1,5,3,4,3,3,5,3
161,53347962,20230828,F,30,강원도,2.0,1,1,3,4,1,3,3,3,3,3,4,3
162,53348491,20230828,M,60,충청북도,2.0,1,3,2,3,3,2,1,3,3,4,3,1
163,53348800,20230828,M,50,경기도,4.0,1,5,2,5,1,3,1,4,4,3,5,1
164,53348946,20230828,M,50,경상남도,3.0,3,5,5,4,3,3,3,4,4,4,4,3
165,53348965,20230828,F,50,서울특별시,4.0,1,4,2,2,1,4,4,4,4,4,2,3
166,53349553,20230828,F,40,부산광역시,4.0,3,1,3,3,3,3,3,3,3,3,4,3
167,53349752,20230828,M,60,서울특별시,2.0,2,5,2,3,2,3,3,4,4,4,3,2
168,53349768,20230828,F,30,충청남도(세종시 포함),4.0,3,3,4,4,3,3,3,3,3,3,4,3
169,53350045,20230828,F,40,경상북도,4.0,1,3,3,4,1,2,1,1,1,1,1,1
170,53350313,20230828,F,60,전라남도,3.0,2,3,2,3,2,3,2,3,2,3,3,2
171,53350325,20230828,M,50,경상북도,2.0,2,1,3,2,3,3,3,3,3,3,3,2
172,53350794,20230828,M,40,경상남도,2.0,3,2,4,2,2,4,2,4,2,4,4,1
173,53351234,20230828,F,50,울산광역시,1.0,3,3,3,3,4,3,3,5,5,5,3,3
174,53352302,20230828,M,30,서울특별시,4.0,1,3,4,4,3,3,4,3,4,3,3,3
175,53352465,20230828,M,60,전라남도,2.0,4,2,2,2,2,4,4,4,5,3,4,2
176,53352481,20230828,M,50,서울특별시,4.0,1,3,3,4,3,3,3,3,4,3,3,3
177,53352565,20230828,F,60,부산광역시,1.0,4,4,3,3,3,4,2,1,2,3,2,3
178,53353129,20230828,M,50,서울특별시,3.0,1,3,3,1,1,1,4,1,2,4,2,1
179,53353230,20230828,M,50,광주광역시,1.0,1,1,2,3,1,3,1,3,1,1,3,1
180,53354228,20230828,M,20,광주광역시,2.0,1,5,3,5,3,5,2,4,2,3,3,3
181,53354512,20230828,F,20,경기도,2.0,2,1,2,3,2,4,3,3,3,3,4,1
182,53354626,20230828,M,50,경기도,4.0,1,5,2,4,2,4,2,2,3,2,5,1
183,53355848,20230828,M,40,부산광역시,2.0,3,5,4,3,3,4,4,4,4,3,2,2
184,53355899,20230828,F,30,서울특별시,2.0,2,3,3,3,1,3,3,3,3,3,3,2
185,53356627,20230828,F,30,서울특별시,4.0,1,2,3,4,1,4,3,4,3,4,3,1
186,53356671,20230828,F,60,경기도,1.0,2,2,2,4,2,4,2,4,4,4,4,2
187,53356915,20230828,M,50,서울특별시,4.0,4,1,4,3,4,3,3,3,4,3,3,3
188,53357552,20230828,F,20,경기도,2.0,2,4,3,4,3,4,3,3,4,3,5,3
189,53357604,20230828,F,40,전라남도,4.0,1,3,3,3,2,4,2,4,4,4,4,2
190,53357691,20230828,F,50,경상북도,4.0,1,1,3,3,1,3,2,3,3,3,3,3
191,53357904,20230828,M,50,전라북도,3.0,2,5,2,4,3,5,2,4,2,2,4,3
192,53358138,20230828,M,30,인천광역시,3.0,1,1,1,1,1,1,1,1,1,1,1,1
193,53358211,20230828,M,40,충청북도,4.0,3,3,3,4,3,3,3,4,4,4,3,3
194,53358297,20230828,M,20,서울특별시,2.0,3,3,3,3,3,3,3,3,3,3,3,3
195,53358543,20230828,M,20,전라남도,4.0,3,3,3,3,3,3,3,3,3,3,3,3
196,53359116,20230828,M,40,대구광역시,2.0,2,3,3,3,3,3,3,3,3,3,3,3
197,53360066,20230828,M,20,경기도,2.0,1,1,1,1,1,1,1,1,1,1,1,1
198,53360464,20230828,F,60,경기도,3.0,3,4,3,3,2,5,3,4,4,4,4,2
199,53360467,20230828,M,60,경기도,2.0,1,1,2,3,4,3,2,3,3,3,3,2
200,53360613,20230828,F,50,충청남도(세종시 포함),3.0,2,3,2,1,1,2,1,3,2,1,3,1
201,53360676,20230828,F,60,경기도,1.0,1,1,1,1,1,1,1,1,1,1,1,1
202,53360977,20230828,M,40,인천광역시,2.0,1,1,2,2,1,2,2,2,3,3,2,3
203,53361102,20230828,F,60,인천광역시,4.0,2,3,3,3,3,3,3,3,2,2,4,3
204,53361232,20230828,M,60,경기도,1.0,1,1,4,5,1,2,2,4,3,4,4,2
205,53361255,20230828,M,50,서울특별시,4.0,2,1,3,3,4,3,4,3,4,4,4,3
206,53361462,20230828,M,30,강원도,2.0,1,3,3,3,1,3,4,2,2,3,4,1
207,53361899,20230828,M,40,인천광역시,4.0,1,4,3,4,2,4,3,3,3,4,3,3
208,53362036,20230828,M,50,경기도,3.0,3,4,4,4,2,3,3,3,4,3,3,2
209,53362100,20230828,F,50,인천광역시,2.0,3,1,3,3,3,4,3,4,4,4,3,3
210,53362496,20230828,F,50,서울특별시,4.0,2,3,1,5,1,2,1,4,3,2,3,1
211,53362528,20230828,F,50,광주광역시,3.0,2,3,3,3,3,3,4,3,4,3,3,3
212,53362633,20230828,M,60,전라남도,1.0,3,2,3,3,3,3,4,1,5,3,4,4
213,53362707,20230828,F,60,경기도,1.0,1,4,3,3,3,5,2,5,5,3,1,1
214,53363494,20230828,M,50,서울특별시,2.0,1,1,2,2,1,1,1,1,1,1,1,1
215,53363984,20230828,F,40,강원도,4.0,2,4,3,2,1,5,5,4,2,4,3,2
216,53364853,20230828,F,40,충청남도(세종시 포함),3.0,3,2,3,3,3,4,3,3,3,4,4,3
217,53365150,20230828,M,50,충청남도(세종시 포함),2.0,1,1,1,3,3,3,3,3,3,3,3,3
218,53365353,20230828,F,50,부산광역시,3.0,1,3,3,4,1,2,2,2,2,2,3,1
219,53365402,20230828,M,30,경기도,2.0,2,3,4,2,1,4,3,4,4,4,4,3
220,53365663,20230828,F,30,대구광역시,3.0,2,2,2,3,2,3,3,4,2,2,4,2
221,53365735,20230828,M,50,부산광역시,2.0,3,1,3,3,3,3,3,3,3,3,3,3
222,53366944,20230828,M,40,인천광역시,4.0,1,4,3,3,1,4,1,2,3,1,2,1
223,53366971,20230828,F,50,광주광역시,4.0,1,1,1,1,1,3,3,4,4,5,4,2
224,53367065,20230828,F,20,경상북도,4.0,1,4,3,4,2,5,3,5,3,4,5,1
225,53367351,20230828,F,60,경기도,3.0,1,2,2,4,1,1,1,1,2,2,1,1
226,53367652,20230828,M,20,인천광역시,4.0,1,5,5,1,4,5,1,4,4,4,4,1
227,53367708,20230828,M,50,경기도,4.0,3,3,4,4,4,4,4,4,4,4,4,4
228,53367726,20230828,M,60,울산광역시,3.0,4,4,3,4,2,3,3,3,3,3,3,2
229,53367764,20230828,M,50,부산광역시,3.0,3,2,3,4,3,3,3,5,5,4,4,3
230,53368044,20230828,F,40,대구광역시,2.0,1,1,4,4,3,3,3,3,3,3,3,4
231,53368197,20230828,M,50,충청남도(세종시 포함),4.0,3,1,3,3,3,3,3,3,3,3,3,3
232,53368530,20230828,M,50,충청남도(세종시 포함),4.0,3,4,3,3,3,3,3,3,4,3,4,2
233,53369490,20230828,F,60,경기도,3.0,1,3,3,4,2,4,2,4,3,4,3,2
234,53369583,20230828,M,60,경기도,4.0,2,2,2,3,4,4,3,3,3,3,4,3
235,53370086,20230828,F,20,경기도,2.0,3,3,4,3,3,4,4,3,4,4,4,4
236,53370676,20230828,F,30,경상북도,2.0,1,1,1,3,1,1,1,1,1,1,4,1
237,53372098,20230828,M,30,강원도,1.0,3,3,3,3,3,3,3,3,3,3,3,3
238,53372153,20230828,M,60,강원도,4.0,3,4,4,4,3,3,4,4,3,3,4,3
239,53372790,20230828,M,40,인천광역시,4.0,1,3,3,3,3,3,3,3,3,3,3,1
240,53373305,20230828,F,20,경상남도,3.0,3,3,3,3,3,3,3,3,3,3,3,3
241,53374226,20230828,F,20,전라북도,4.0,3,1,5,4,1,4,3,5,3,4,4,3
242,53374604,20230828,M,60,대전광역시,1.0,2,4,3,3,4,3,3,3,3,3,3,3
243,53374770,20230828,F,30,서울특별시,3.0,3,3,3,3,3,3,3,3,3,3,3,3
244,53375631,20230828,M,40,대구광역시,4.0,1,5,4,5,3,4,3,3,3,3,5,2
245,53375685,20230828,F,50,충청남도(세종시 포함),2.0,3,4,3,3,3,3,3,4,4,4,3,3
246,53375953,20230828,F,30,경상남도,3.0,4,4,4,4,4,4,4,4,4,4,4,4
247,53376112,20230828,M,60,경기도,1.0,3,5,3,3,4,4,4,4,4,5,5,3
248,53376506,20230828,M,50,경기도,3.0,1,5,4,4,2,3,3,4,4,4,3,1
249,53377343,20230828,M,30,전라남도,2.0,3,2,2,2,3,3,3,3,4,3,2,4
250,53377457,20230828,F,20,경기도,3.0,1,2,3,2,1,3,2,3,3,3,3,1
251,53346252,20230904,F,60,경기도,1.0,2,3,3,3,3,4,5,4,4,5,3,4
252,53335261,20230904,F,60,경기도,1.0,3,3,3,3,3,3,3,3,3,3,3,3
253,53335878,20230904,F,60,경기도,4.0,3,4,3,3,3,3,3,3,3,3,4,3
254,188346,20230904,F,60,경기도,1.0,2,2,2,2,3,3,4,5,5,5,4,3
255,53350289,20230904,F,60,경기도,3.0,1,1,2,2,3,3,3,3,3,4,2,3
256,53347534,20230904,F,60,경기도,3.0,1,3,1,1,1,3,3,1,1,1,1,3
257,53324670,20230904,F,50,서울특별시,3.0,1,3,1,1,2,1,5,3,5,5,1,5
258,53363641,20230904,F,50,서울특별시,4.0,1,5,3,3,3,4,3,5,4,4,4,1
259,53358447,20230904,F,50,경기도,2.0,1,1,2,4,2,2,2,4,3,2,2,2
260,53345835,20230904,F,50,경기도,4.0,3,3,3,3,3,4,3,5,5,4,3,3
261,53353633,20230904,F,50,경기도,4.0,3,4,3,3,3,4,4,5,5,5,4,3
262,53350343,20230904,F,50,경기도,3.0,2,3,3,3,1,3,2,3,3,3,3,1
263,53353723,20230904,F,50,경기도,4.0,1,2,3,3,1,3,3,5,5,5,4,1
264,53334018,20230904,F,50,경기도,4.0,1,5,4,3,2,5,1,5,5,4,3,1
265,53349845,20230904,F,50,경기도,4.0,3,5,4,3,4,3,4,4,4,4,4,2
266,53342896,20230904,F,50,경기도,2.0,1,5,1,4,2,4,2,3,3,3,3,1
267,53356514,20230904,F,50,경기도,1.0,3,3,3,3,3,3,3,3,3,3,3,3
268,53328533,20230904,F,50,경기도,4.0,3,3,4,3,3,3,3,3,4,3,3,3
269,53353894,20230904,F,50,경기도,1.0,2,1,1,2,4,3,3,3,4,4,3,2
270,53369814,20230904,F,50,경기도,3.0,2,1,3,3,4,3,4,4,4,4,4,3
271,53326908,20230904,F,50,광주광역시,2.0,4,5,4,5,5,3,4,4,5,5,5,3
272,53332590,20230904,F,50,경상북도,4.0,1,1,1,1,1,1,1,1,1,1,1,1
273,53375578,20230904,F,40,서울특별시,2.0,1,4,5,4,4,5,5,5,5,5,5,3
274,53374893,20230904,F,40,서울특별시,1.0,1,3,3,4,2,4,3,4,3,3,4,3
275,53372899,20230904,F,40,서울특별시,1.0,3,4,3,3,3,3,3,3,3,3,2,2
276,53375924,20230904,F,40,서울특별시,4.0,4,4,1,5,4,3,5,5,5,5,4,3
277,53323824,20230904,F,40,서울특별시,4.0,1,1,5,5,1,3,1,3,4,2,5,1
278,53340764,20230904,F,40,서울특별시,3.0,1,4,2,3,3,4,3,5,3,4,4,3
279,53341743,20230904,F,40,서울특별시,3.0,1,1,3,1,4,5,4,5,5,5,5,3
280,53342265,20230904,F,40,충청북도,4.0,2,4,4,4,2,2,2,2,2,3,2,2
281,53364176,20230904,F,40,충청북도,4.0,1,1,4,3,1,2,1,2,1,1,2,1
282,53342861,20230904,F,30,경기도,1.0,3,3,3,3,3,1,3,3,3,3,3,1
283,53348419,20230904,F,30,경기도,3.0,2,1,2,5,5,3,1,3,3,1,4,1
284,53357947,20230904,F,30,경기도,3.0,2,3,4,5,2,3,3,4,4,3,4,2
285,53344080,20230904,F,30,경기도,3.0,1,5,3,5,3,4,3,3,3,3,4,3
286,53346790,20230904,F,30,경기도,2.0,2,1,3,2,1,5,3,4,5,5,4,4
287,53339664,20230904,F,30,충청남도(세종시 포함),2.0,2,3,3,1,1,3,1,4,4,3,4,1
288,53373052,20230904,F,30,충청남도(세종시 포함),3.0,1,3,3,2,3,3,2,3,3,2,4,2
289,53325502,20230904,F,30,충청남도(세종시 포함),2.0,3,4,3,4,3,3,3,3,3,3,3,3
290,53376254,20230904,F,30,전라북도,2.0,1,3,3,4,3,3,3,3,3,3,3,3
291,53376728,20230904,F,30,전라북도,4.0,1,3,3,3,1,3,1,4,3,3,4,1
292,53372314,20230904,F,20,서울특별시,2.0,1,1,3,4,2,2,3,4,4,5,4,2
293,53323037,20230904,F,20,서울특별시,4.0,1,1,1,1,1,1,4,5,4,5,5,5
294,53328204,20230904,F,20,서울특별시,1.0,3,4,3,5,3,3,2,2,2,2,4,3
295,53324419,20230904,F,20,서울특별시,3.0,1,5,4,3,4,3,3,4,4,4,4,3
296,53338552,20230904,F,20,서울특별시,3.0,3,5,5,4,4,5,4,4,5,5,5,1
297,53373836,20230904,M,60,경기도,3.0,3,3,3,3,2,4,3,4,2,3,3,3
298,53375210,20230904,M,60,경기도,4.0,2,5,2,5,2,3,2,3,2,2,3,2
299,53349252,20230904,M,60,경기도,1.0,1,5,2,3,2,3,2,5,4,5,4,2
300,53374209,20230904,M,60,경기도,1.0,4,3,2,5,3,3,3,2,3,2,3,2
301,53335891,20230904,M,60,강원도,3.0,2,2,2,4,2,2,3,2,2,2,3,2
302,53354755,20230904,M,50,서울특별시,2.0,2,3,3,4,2,2,2,2,2,3,3,2
303,53322432,20230904,M,50,서울특별시,2.0,3,3,3,4,2,3,2,4,3,3,3,2
304,53323082,20230904,M,50,서울특별시,4.0,3,3,3,3,4,3,4,4,4,4,3,3
305,53324257,20230904,M,50,서울특별시,3.0,2,4,2,3,2,4,2,4,5,5,4,4
306,53364994,20230904,M,50,서울특별시,3.0,2,2,2,3,2,2,2,2,1,2,2,1
307,53337263,20230904,M,50,서울특별시,4.0,1,5,1,5,4,5,5,3,3,4,5,1
308,53326610,20230904,M,50,대구광역시,3.0,1,1,1,1,1,2,1,1,1,1,1,1
309,53328699,20230904,M,50,대구광역시,4.0,3,2,3,4,5,5,4,5,5,5,4,3
310,53354869,20230904,M,40,경기도,1.0,1,2,2,4,1,2,1,4,2,4,4,1
311,53327877,20230904,M,40,경기도,2.0,3,3,3,5,1,3,1,3,1,3,4,1
312,53368399,20230904,M,40,경기도,3.0,2,3,4,3,3,3,3,4,3,4,3,3
313,53364996,20230904,M,40,경기도,4.0,1,1,2,2,3,4,3,4,4,3,4,1
314,53352732,20230904,M,40,경기도,4.0,2,3,3,4,1,4,3,4,3,3,3,3
315,53334499,20230904,M,40,경기도,1.0,2,3,1,5,3,4,3,3,3,2,3,2
316,53364396,20230904,M,40,경기도,4.0,3,3,3,4,3,3,3,4,4,4,3,3
317,53343789,20230904,M,40,경기도,2.0,1,1,1,3,1,1,1,1,1,1,3,1
318,53347046,20230904,M,40,충청북도,4.0,1,3,1,2,1,4,1,4,3,3,5,1
319,53339868,20230904,M,30,경기도,3.0,1,5,3,5,3,3,3,3,3,3,3,1
320,53335889,20230904,M,30,경기도,2.0,2,4,2,2,3,4,2,4,3,2,3,1
321,53358512,20230904,M,30,경기도,3.0,1,4,3,1,1,5,1,5,3,5,4,1
322,53350527,20230904,M,30,경기도,1.0,1,1,1,1,1,1,1,1,1,1,1,1
323,53356512,20230904,M,30,경기도,3.0,1,2,1,1,1,1,2,3,1,1,1,1
324,53349744,20230904,M,30,서울특별시,2.0,3,3,4,4,3,3,3,4,4,4,4,3
325,53373722,20230904,M,30,서울특별시,1.0,1,1,1,1,1,1,1,1,1,1,1,1
326,53374588,20230904,M,30,서울특별시,4.0,1,4,4,1,1,5,1,5,5,2,3,1
327,53323771,20230904,M,30,서울특별시,3.0,5,4,4,5,3,4,5,4,4,5,3,3
328,53347570,20230904,M,30,서울특별시,4.0,1,1,5,5,3,3,3,5,5,3,5,2
329,53370012,20230904,M,30,서울특별시,4.0,1,3,4,3,2,4,3,3,1,2,4,2
330,462632,20230904,M,20,경기도,4.0,1,3,2,2,2,4,1,4,2,2,3,1
331,395492,20230904,M,20,경기도,2.0,1,2,3,4,2,3,1,3,3,3,3,1
332,275115,20230904,M,20,경기도,4.0,1,3,3,3,3,3,3,3,3,3,3,3
333,466828,20230904,M,20,경기도,3.0,1,1,1,4,1,5,1,5,4,4,3,1
334,466622,20230904,M,20,대전광역시,1.0,2,2,5,5,2,4,5,4,5,4,4,2
335,465282,20230904,M,20,대전광역시,4.0,4,5,3,5,3,5,4,5,3,4,5,3
336,323309,20230904,F,20,충청남도(세종시 포함),1.0,1,3,3,3,3,3,3,3,3,3,3,3
337,348124,20230904,M,20,전라남도,2.0,3,3,2,3,2,3,3,3,3,3,4,3
338,380583,20230904,M,20,전라남도,2.0,1,5,3,4,1,4,2,3,4,5,4,2
339,407377,20230904,M,20,부산광역시,1.0,1,4,4,4,4,4,4,4,4,4,4,1
340,424422,20230904,M,20,서울특별시,1.0,2,4,2,2,2,3,3,2,2,5,2,2
341,446599,20230904,M,20,대구광역시,1.0,3,2,3,2,2,3,3,3,2,2,2,2
342,451630,20230904,M,20,대구광역시,1.0,3,3,5,4,3,3,3,4,5,5,4,3
343,451728,20230904,M,20,경상북도,4.0,1,3,1,4,3,3,5,3,5,4,5,5
344,451861,20230904,M,20,전라북도,2.0,2,4,3,3,2,4,2,5,3,4,3,1
345,454743,20230904,M,20,부산광역시,1.0,5,5,5,4,2,3,5,4,5,2,5,4
346,464887,20230904,M,20,충청남도(세종시 포함),1.0,1,4,1,1,1,3,1,3,1,5,1,1
347,465871,20230904,M,20,부산광역시,3.0,4,5,2,4,4,4,2,3,4,5,5,2
348,466459,20230904,M,20,전라남도,1.0,3,4,3,3,3,3,3,3,2,3,3,2
349,53323114,20230904,M,40,서울특별시,3.0,1,1,3,2,2,4,2,4,3,4,4,3
350,53323396,20230904,M,60,서울특별시,2.0,2,3,2,2,2,3,2,2,2,2,4,2
351,53324602,20230904,M,60,서울특별시,4.0,1,3,3,3,1,4,2,4,4,4,3,1
352,53325433,20230904,M,50,대전광역시,3.0,1,2,2,3,3,3,1,3,3,3,2,1
353,53325707,20230904,F,50,부산광역시,1.0,3,1,3,2,4,4,4,5,4,4,4,4
354,53326018,20230904,F,40,경기도,3.0,1,3,2,4,1,3,1,4,3,3,5,1
355,53326310,20230904,F,50,대구광역시,2.0,2,3,2,3,2,2,2,2,2,2,2,2
356,53326442,20230904,F,40,경상남도,3.0,1,1,1,4,1,3,2,3,3,3,4,3
357,53326484,20230904,M,50,경상남도,3.0,1,1,1,1,1,1,1,1,1,1,5,1
358,53326630,20230904,M,60,경상남도,4.0,3,4,3,3,3,4,3,4,4,4,4,2
359,53326917,20230904,F,40,경기도,2.0,1,5,2,5,1,3,3,3,2,4,5,1
360,53327008,20230904,F,50,전라남도,3.0,3,3,3,3,3,3,3,3,3,3,3,3
361,53327602,20230904,M,20,인천광역시,1.0,2,3,3,2,2,4,3,3,4,4,4,2
362,53327850,20230904,M,50,경기도,3.0,1,4,2,3,2,3,2,5,4,5,3,1
363,53327988,20230904,F,40,경기도,4.0,3,5,3,2,2,3,3,4,3,4,4,3
364,53328019,20230904,F,50,대전광역시,2.0,3,5,5,3,3,3,3,3,3,4,4,3
365,53328060,20230904,M,50,충청남도(세종시 포함),3.0,3,2,4,3,4,4,3,4,4,4,4,4
366,53328150,20230904,M,40,전라남도,3.0,1,3,3,3,3,3,3,3,4,3,3,3
367,53328936,20230904,F,20,경상북도,1.0,3,1,5,4,2,3,2,4,4,4,4,1
368,53328974,20230904,M,30,인천광역시,2.0,2,5,4,4,2,5,4,4,2,4,5,1
369,53329853,20230904,F,30,서울특별시,2.0,3,4,3,3,3,3,3,4,3,3,3,3
370,53330055,20230904,M,20,울산광역시,2.0,4,2,4,2,2,2,2,1,4,2,4,4
371,53330185,20230904,F,40,경기도,2.0,3,5,4,5,4,4,4,4,4,4,4,3
372,53330759,20230904,M,40,울산광역시,3.0,1,1,3,2,3,3,2,3,4,3,4,3
373,53330903,20230904,F,40,전라북도,3.0,1,4,1,4,2,3,2,3,3,3,3,2
374,53331041,20230904,F,20,경상북도,1.0,3,4,3,4,3,3,3,3,3,4,4,3
375,53331203,20230904,F,30,인천광역시,2.0,3,2,2,4,1,4,2,4,4,4,4,3
376,53331253,20230904,M,30,대구광역시,4.0,2,3,3,3,2,4,3,2,4,2,3,3
377,53331300,20230904,M,60,부산광역시,4.0,3,4,4,3,4,3,3,3,3,3,3,3
378,53331447,20230904,M,50,경기도,2.0,2,3,2,2,2,4,2,3,3,3,3,2
379,53332063,20230904,M,40,인천광역시,2.0,3,2,4,4,3,3,3,3,3,3,3,3
380,53332119,20230904,F,50,강원도,3.0,3,1,1,2,4,3,3,5,2,5,3,2
381,53332594,20230904,F,60,부산광역시,1.0,2,2,2,3,2,2,3,3,3,3,3,2
382,53332669,20230904,F,50,인천광역시,4.0,3,5,2,3,4,5,3,3,4,3,5,4
383,53332795,20230904,M,30,경상남도,2.0,1,2,1,5,1,1,1,5,4,4,3,1
384,53333408,20230904,M,60,부산광역시,2.0,4,3,5,2,3,3,3,4,3,3,3,3
385,53333798,20230904,F,60,서울특별시,4.0,1,1,1,1,1,1,4,1,1,1,4,5
386,53333916,20230904,M,50,경기도,3.0,2,1,3,3,1,1,2,1,3,1,3,3
387,53335022,20230904,M,60,경상남도,4.0,4,4,3,4,2,2,2,3,3,3,3,2
388,53335973,20230904,F,20,대구광역시,3.0,3,5,4,4,3,3,3,4,3,4,4,3
389,53336205,20230904,M,40,부산광역시,3.0,2,4,4,5,3,3,3,3,3,3,4,3
390,53336413,20230904,F,60,경상북도,3.0,3,3,2,3,2,4,2,2,3,3,2,1
391,53336821,20230904,F,40,강원도,4.0,2,4,2,4,3,3,2,3,3,4,4,2
392,53337291,20230904,F,30,충청북도,2.0,3,3,1,4,3,2,3,2,1,2,5,3
393,53337622,20230904,M,40,대구광역시,2.0,3,3,3,3,2,5,3,4,3,2,4,1
394,53337797,20230904,F,40,경기도,4.0,1,3,2,5,1,4,3,4,2,5,4,1
395,53338016,20230904,F,50,전라북도,2.0,1,1,5,5,2,2,2,5,5,5,5,3
396,53338199,20230904,M,40,대전광역시,3.0,3,4,4,4,1,4,3,4,4,3,4,3
397,53339675,20230904,M,60,부산광역시,4.0,1,3,2,3,4,3,4,4,4,4,4,1
398,53339791,20230904,F,50,경상남도,3.0,1,2,1,1,1,2,3,3,4,3,3,1
399,53339844,20230904,M,50,경기도,3.0,3,3,4,4,3,3,3,3,4,2,4,4
400,53339998,20230904,M,40,서울특별시,3.0,1,5,2,2,2,2,4,4,5,5,5,4
401,53340085,20230904,M,60,서울특별시,3.0,2,2,2,3,4,3,4,5,3,5,3,3
402,53340327,20230904,M,20,광주광역시,1.0,3,3,3,3,3,3,3,3,3,3,3,3
403,53340499,20230904,F,60,강원도,4.0,3,2,3,3,1,4,3,3,3,4,4,3
404,53340650,20230904,F,40,경상북도,1.0,2,3,2,3,2,3,3,3,2,3,3,2
405,53340715,20230904,M,50,울산광역시,3.0,2,1,3,3,2,4,2,3,4,4,3,2
406,53341018,20230904,F,20,광주광역시,4.0,2,4,3,3,3,3,3,1,3,3,3,3
407,53341891,20230904,F,20,경기도,1.0,2,4,3,5,1,3,3,3,3,2,3,1
408,53341992,20230904,F,20,울산광역시,1.0,1,3,4,3,3,3,4,5,5,4,3,3
409,53342528,20230904,F,20,경기도,1.0,1,5,3,1,1,3,1,4,5,4,3,1
410,53342823,20230904,F,40,경기도,3.0,2,3,3,4,3,4,4,4,3,4,4,2
411,53343549,20230904,F,60,경상남도,1.0,3,2,3,4,3,4,3,4,3,3,4,2
412,53343850,20230904,F,20,제주도,1.0,1,4,4,4,1,4,3,3,2,4,4,1
413,53343995,20230904,M,30,전라남도,3.0,3,3,3,3,3,3,3,3,3,3,3,3
414,53344044,20230904,M,60,대구광역시,4.0,2,2,3,4,4,4,3,3,3,3,3,3
415,53344138,20230904,F,30,경상북도,3.0,1,1,4,3,1,2,3,1,2,3,3,1
416,53344497,20230904,M,30,강원도,3.0,3,1,3,2,3,3,3,3,3,3,3,3
417,53344498,20230904,F,20,전라남도,3.0,2,3,3,4,2,3,3,4,3,4,4,2
418,53344566,20230904,M,30,대구광역시,2.0,3,3,3,3,3,3,3,3,3,3,3,3
419,53345057,20230904,M,50,강원도,4.0,3,3,3,3,3,4,4,3,3,3,4,3
420,53345709,20230904,M,60,울산광역시,1.0,1,1,1,1,1,5,1,4,4,4,3,1
421,53346521,20230904,M,50,경기도,1.0,1,4,3,2,1,3,2,3,2,1,4,1
422,53347347,20230904,M,30,전라북도,4.0,2,3,4,4,2,3,2,2,3,3,4,1
423,53347427,20230904,M,50,충청남도(세종시 포함),4.0,1,2,2,3,2,3,4,4,4,4,4,2
424,53347518,20230904,F,30,인천광역시,3.0,1,4,5,4,1,3,1,5,1,1,2,1
425,53348237,20230904,M,30,전라북도,3.0,1,3,3,3,1,3,1,3,3,3,3,3
426,53348294,20230904,F,20,충청남도(세종시 포함),1.0,3,4,4,4,3,5,3,5,4,4,4,3
427,53348511,20230904,M,30,부산광역시,4.0,1,5,4,1,1,5,1,3,3,1,4,1
428,53348559,20230904,M,40,서울특별시,2.0,1,5,1,1,1,5,1,5,1,1,1,1
429,53348860,20230904,F,40,대구광역시,1.0,2,5,4,5,1,2,2,4,4,4,3,1
430,53351342,20230904,F,60,광주광역시,4.0,1,1,3,1,3,4,1,4,4,4,5,1
431,53352658,20230904,F,40,경기도,4.0,1,4,1,2,1,4,1,3,3,4,3,1
432,53352713,20230904,F,50,충청북도,3.0,1,1,1,1,3,3,3,2,3,4,3,1
433,53352781,20230904,F,30,경상남도,2.0,1,2,3,3,1,3,3,3,3,3,3,1
434,53353419,20230904,M,50,부산광역시,2.0,1,1,1,1,1,1,1,1,1,1,1,1
435,53353424,20230904,F,30,경상남도,2.0,4,2,4,4,4,5,4,5,4,4,4,4
436,53353818,20230904,F,40,울산광역시,4.0,1,1,3,3,2,5,3,5,5,5,4,3
437,53353848,20230904,F,30,서울특별시,2.0,3,5,5,5,4,3,3,4,4,4,4,3
438,53353855,20230904,F,60,대구광역시,4.0,3,4,4,4,3,3,3,3,3,3,3,3
439,53354186,20230904,F,30,인천광역시,3.0,3,4,4,4,3,4,4,3,4,3,4,3
440,53355960,20230904,F,20,대구광역시,2.0,4,4,4,4,3,3,3,3,3,3,4,3
441,53356453,20230904,F,40,경기도,4.0,1,3,4,3,3,4,1,5,3,2,4,3
442,53356631,20230904,M,50,인천광역시,4.0,3,4,3,4,3,3,3,3,3,3,3,3
443,53356930,20230904,F,40,경기도,3.0,2,4,4,3,3,3,3,3,3,2,3,2
444,53357043,20230904,M,50,경기도,4.0,3,3,3,4,3,4,3,4,4,4,4,3
445,53357048,20230904,F,20,경기도,2.0,2,4,4,4,3,4,3,3,3,3,4,3
446,53357199,20230904,F,30,서울특별시,3.0,1,1,3,4,4,4,3,4,4,5,4,2
447,53357261,20230904,F,20,부산광역시,3.0,3,1,2,4,3,4,2,5,5,5,4,1
448,53357435,20230904,F,60,인천광역시,2.0,2,3,4,4,2,3,3,4,3,4,3,2
449,53357563,20230904,M,40,전라북도,2.0,3,4,3,4,3,3,3,3,3,3,3,3
450,53360013,20230904,M,60,울산광역시,2.0,4,5,5,4,4,5,4,5,5,5,5,4
451,53360203,20230904,F,40,울산광역시,3.0,2,1,3,4,2,4,2,5,5,5,5,1
452,53360440,20230904,F,60,부산광역시,1.0,4,5,5,4,4,5,4,5,5,4,5,4
453,53360885,20230904,M,60,전라북도,4.0,3,3,3,4,3,4,3,4,3,3,4,3
454,53361346,20230904,M,50,경기도,4.0,1,5,1,1,1,5,4,5,1,4,5,4
455,53361380,20230904,F,20,경기도,3.0,2,3,2,5,2,2,3,5,3,4,4,2
456,53362600,20230904,M,50,인천광역시,3.0,3,3,3,3,3,4,4,4,4,4,5,5
457,53363030,20230904,M,40,서울특별시,1.0,1,1,3,4,1,2,1,2,2,2,4,1
458,53363282,20230904,F,30,인천광역시,3.0,3,4,4,4,3,4,3,3,3,3,4,3
459,53363692,20230904,F,40,경상남도,2.0,3,5,4,5,4,4,4,4,4,4,4,4
460,53364102,20230904,F,40,경기도,3.0,3,5,5,4,2,5,4,5,5,4,5,2
461,53364570,20230904,F,60,충청북도,1.0,3,2,3,3,5,3,3,5,5,3,3,3
462,53365661,20230904,F,60,강원도,2.0,2,3,2,3,3,4,1,2,2,2,4,1
463,53365833,20230904,M,40,서울특별시,4.0,2,4,3,3,3,3,3,3,3,3,4,3
464,53366042,20230904,M,60,서울특별시,4.0,1,5,3,1,3,5,3,4,3,4,4,4
465,53366158,20230904,M,40,충청남도(세종시 포함),3.0,2,3,2,2,3,3,3,3,3,2,2,2
466,53366401,20230904,F,30,대전광역시,3.0,1,3,4,4,3,4,3,4,4,5,4,3
467,53366466,20230904,F,40,충청남도(세종시 포함),4.0,1,5,2,2,5,5,5,5,5,5,5,5
468,53366751,20230904,F,20,경상남도,1.0,2,3,3,3,1,4,3,5,3,4,4,3
469,53366833,20230904,M,30,경상남도,3.0,1,5,4,5,4,4,3,4,3,4,4,3
470,53366994,20230904,F,60,전라북도,4.0,3,3,5,4,2,4,3,5,4,5,5,3
471,53367768,20230904,M,40,서울특별시,4.0,2,1,3,3,2,3,2,3,3,3,3,1
472,53367862,20230904,F,20,경기도,1.0,2,5,3,5,3,5,5,5,3,3,5,2
473,53367966,20230904,M,30,경상남도,2.0,2,3,3,3,1,5,3,5,5,4,3,1
474,53368318,20230904,F,20,부산광역시,4.0,2,4,3,4,3,2,3,4,3,2,4,3
475,53368875,20230904,F,60,충청남도(세종시 포함),3.0,3,1,3,3,3,3,2,3,4,3,4,3
476,53369535,20230904,F,30,경상북도,1.0,2,4,3,4,3,3,3,3,3,3,3,3
477,53370201,20230904,F,30,부산광역시,1.0,4,4,4,4,4,4,4,4,4,4,4,4
478,53371309,20230904,M,50,경기도,4.0,2,2,2,4,3,3,3,3,3,3,3,3
479,53371526,20230904,M,50,대전광역시,4.0,2,4,4,5,5,5,5,5,5,5,4,4
480,53371783,20230904,F,40,경상북도,3.0,1,4,4,4,2,3,3,4,4,4,5,2
481,53372399,20230904,M,50,경기도,3.0,1,1,5,3,1,1,1,1,1,1,2,1
482,53373923,20230904,M,40,인천광역시,4.0,1,2,2,3,2,4,3,4,3,4,4,3
483,53374050,20230904,F,50,전라북도,1.0,1,1,1,1,1,1,1,1,1,1,1,1
484,53374183,20230904,M,50,경상남도,3.0,2,3,4,4,3,3,2,4,4,4,2,1
485,53374228,20230904,F,20,대전광역시,2.0,3,1,2,3,3,3,3,3,3,3,3,2
486,53374384,20230904,F,60,인천광역시,3.0,3,4,3,4,4,3,3,5,4,4,2,1
487,53374406,20230904,M,50,광주광역시,2.0,1,1,2,1,2,3,2,3,4,3,3,1
488,53374474,20230904,F,60,인천광역시,4.0,1,4,3,2,3,4,4,4,4,4,4,3
489,53374753,20230904,M,40,인천광역시,3.0,4,5,4,3,4,4,4,5,3,4,4,3
490,53374988,20230904,F,20,충청북도,3.0,1,4,3,4,2,3,1,3,3,3,4,3
491,53375185,20230904,F,30,서울특별시,1.0,2,1,4,4,2,3,3,5,2,4,4,3
492,53375742,20230904,M,50,대전광역시,3.0,3,3,3,4,3,5,5,4,4,4,4,3
493,53376499,20230904,F,40,제주도,3.0,3,4,3,3,3,4,4,3,3,3,4,3
494,53376631,20230904,M,50,인천광역시,4.0,3,4,4,4,3,3,3,3,3,3,3,3
495,53376819,20230904,M,50,부산광역시,3.0,3,1,3,3,1,3,3,3,3,3,3,3
496,53377132,20230904,F,60,서울특별시,3.0,1,2,2,2,5,2,4,3,5,4,3,4
497,53377280,20230904,M,60,서울특별시,2.0,1,3,3,4,2,3,4,3,3,3,3,2
498,53377338,20230904,M,60,서울특별시,2.0,1,2,2,1,3,4,4,4,3,5,4,2
499,326100,20230925,F,60,서울특별시,2.0,1,1,1,1,1,1,1,1,1,1,1,1
500,53322984,20230925,F,60,서울특별시,2.0,5,3,4,3,3,3,3,4,3,3,4,3
501,53374769,20230925,F,60,서울특별시,3.0,3,3,1,1,3,3,3,3,3,3,2,1
502,53324244,20230925,F,60,서울특별시,3.0,2,3,3,3,3,5,3,5,3,3,3,3
503,53367444,20230925,F,60,경상북도,1.0,4,4,3,3,3,2,2,3,3,3,4,2
504,53324965,20230925,F,50,서울특별시,2.0,2,2,3,4,2,4,3,5,4,3,4,2
505,53322918,20230925,F,50,서울특별시,4.0,2,5,4,4,2,2,1,2,2,2,1,1
506,406530,20230925,F,50,서울특별시,3.0,3,4,3,3,3,3,3,4,3,3,3,3
507,53329045,20230925,F,50,서울특별시,2.0,1,3,4,5,1,1,1,4,3,2,1,1
508,53339187,20230925,F,50,인천광역시,4.0,1,4,2,4,2,3,1,3,3,3,3,1
509,53350960,20230925,F,50,인천광역시,4.0,4,3,3,4,1,1,1,2,1,4,1,1
510,53375189,20230925,F,50,충청북도,2.0,1,3,2,5,2,2,2,2,2,2,4,1
511,53351690,20230925,F,40,경기도,3.0,1,1,3,3,1,4,3,3,3,4,4,1
512,53330730,20230925,F,40,경기도,3.0,2,1,3,3,3,4,3,3,3,4,3,2
513,53349528,20230925,F,40,경기도,3.0,2,1,3,3,1,3,3,3,4,4,4,2
514,53337440,20230925,F,40,경기도,3.0,3,2,3,2,2,2,3,3,4,4,4,1
515,53358590,20230925,F,40,경기도,4.0,1,4,5,5,4,4,1,5,5,5,5,2
516,53355474,20230925,F,40,경기도,3.0,1,1,4,4,1,3,5,5,5,5,5,1
517,53323026,20230925,F,40,서울특별시,2.0,3,1,1,4,1,5,2,4,4,4,3,4
518,53332537,20230925,F,40,서울특별시,3.0,3,3,3,3,3,5,3,5,5,4,4,3
519,53368981,20230925,F,40,서울특별시,2.0,1,1,3,3,1,4,1,4,3,4,1,1
520,53356587,20230925,F,40,서울특별시,3.0,2,1,4,3,4,4,4,3,3,4,4,4
521,53357705,20230925,F,40,서울특별시,4.0,1,2,3,3,4,3,3,4,4,4,3,4
522,53322767,20230925,F,40,서울특별시,4.0,3,3,4,3,3,4,3,4,4,4,4,3
523,53347664,20230925,F,40,서울특별시,3.0,1,3,4,3,2,4,3,4,3,4,4,2
524,53375535,20230925,F,40,서울특별시,2.0,1,3,3,4,3,4,3,3,3,4,3,3
525,53350255,20230925,F,40,부산광역시,3.0,1,3,3,3,5,4,4,5,5,5,4,4
526,53357864,20230925,F,40,부산광역시,2.0,1,1,2,2,2,5,3,2,4,4,5,3
527,53371599,20230925,F,40,부산광역시,2.0,1,1,1,1,1,5,4,4,4,4,3,1
528,53361738,20230925,F,40,부산광역시,3.0,4,3,4,5,2,4,4,4,3,4,4,3
529,53338020,20230925,F,40,대구광역시,3.0,1,1,3,1,1,4,1,5,3,3,1,1
530,53366015,20230925,F,40,대구광역시,3.0,4,2,3,4,3,3,3,3,3,3,3,3
531,53353462,20230925,F,40,대구광역시,4.0,4,5,3,4,4,4,3,4,3,4,5,3
532,53332622,20230925,F,30,경기도,1.0,3,2,3,4,3,3,3,3,4,4,4,3
533,53335389,20230925,F,30,경기도,4.0,3,4,3,3,3,4,4,3,3,3,4,3
534,53324434,20230925,F,30,경기도,4.0,1,4,3,4,2,3,2,4,5,4,4,2
535,53329287,20230925,F,30,경기도,2.0,3,3,3,3,3,5,3,3,3,3,3,3
536,53354550,20230925,F,30,경기도,2.0,2,2,3,3,4,3,3,4,4,3,4,3
537,53363789,20230925,F,30,서울특별시,1.0,3,4,3,4,3,4,3,4,4,3,4,3
538,53324427,20230925,F,30,서울특별시,4.0,2,3,4,4,4,4,4,4,4,4,4,3
539,53322266,20230925,F,30,서울특별시,2.0,1,2,2,3,2,4,3,5,3,4,3,4
540,53362467,20230925,F,30,울산광역시,2.0,1,4,2,3,1,3,1,4,4,4,1,1
541,53358381,20230925,F,20,경기도,3.0,1,4,4,3,1,4,3,4,3,3,5,1
542,53335844,20230925,F,20,경기도,3.0,2,4,3,4,3,3,4,3,3,4,4,2
543,53358904,20230925,F,20,경기도,4.0,2,3,4,4,2,4,4,4,4,4,4,2
544,53344037,20230925,F,20,경기도,3.0,1,5,3,5,5,3,3,5,5,3,5,3
545,53360738,20230925,F,20,경기도,2.0,1,5,3,1,1,3,3,3,1,3,3,1
546,53368195,20230925,M,60,서울특별시,4.0,4,5,2,3,3,3,4,4,4,5,4,2
547,53329165,20230925,M,60,서울특별시,4.0,2,3,1,4,4,5,5,5,5,4,5,2
548,53325315,20230925,M,60,서울특별시,1.0,3,3,3,3,3,3,3,3,3,3,3,3
549,53350508,20230925,M,60,서울특별시,3.0,1,5,1,1,4,1,1,4,4,1,1,1
550,53324642,20230925,M,60,서울특별시,3.0,2,3,3,3,3,3,3,4,3,4,3,3
551,53372914,20230925,M,60,서울특별시,3.0,2,2,2,3,3,4,3,4,4,4,4,4
552,53324661,20230925,M,60,서울특별시,4.0,3,4,3,4,3,4,2,4,4,4,3,2
553,53345535,20230925,M,60,광주광역시,4.0,1,1,3,4,4,4,3,3,3,3,4,3
554,53373402,20230925,M,50,부산광역시,4.0,3,1,4,3,4,4,3,4,4,5,5,3
555,53354190,20230925,M,50,부산광역시,3.0,2,3,2,4,2,2,2,2,2,2,3,2
556,53340959,20230925,M,50,부산광역시,3.0,3,5,3,4,3,3,3,3,3,3,4,3
557,53371827,20230925,M,50,부산광역시,2.0,3,3,3,2,3,4,4,4,4,4,4,3
558,53377072,20230925,M,50,인천광역시,1.0,1,1,3,2,3,1,4,1,3,1,1,4
559,53358096,20230925,M,50,인천광역시,4.0,1,1,3,3,4,5,4,3,3,5,5,1
560,53332286,20230925,M,50,인천광역시,3.0,2,4,2,3,3,3,3,3,3,3,4,3
561,53339763,20230925,M,50,대전광역시,4.0,3,3,3,3,3,3,3,3,3,3,3,3
562,53355260,20230925,M,50,대전광역시,3.0,2,5,2,5,3,2,3,3,3,4,3,1
563,53335071,20230925,M,50,전라북도,3.0,3,2,3,3,2,3,3,3,4,4,2,3
564,53365629,20230925,M,50,전라북도,4.0,3,2,3,4,3,2,2,3,2,2,3,2
565,53366998,20230925,M,40,경기도,3.0,3,3,3,3,3,3,3,3,3,3,3,3
566,53373802,20230925,M,40,경기도,3.0,3,4,3,4,3,3,3,4,4,4,3,3
567,53352388,20230925,M,40,경기도,3.0,2,3,3,3,2,3,3,3,4,3,4,2
568,53348983,20230925,M,40,경기도,3.0,2,5,4,3,3,4,3,4,4,4,4,3
569,53355783,20230925,M,40,경기도,3.0,2,3,2,3,2,3,2,2,4,3,4,1
570,53325661,20230925,M,40,경기도,2.0,3,4,4,4,2,3,3,3,3,3,3,2
571,53328623,20230925,M,40,경기도,3.0,3,4,2,5,1,5,4,4,2,5,1,3
572,53363659,20230925,M,40,경기도,4.0,3,2,3,4,3,3,4,5,4,5,3,3
573,53331503,20230925,M,40,부산광역시,3.0,1,5,3,3,1,4,3,3,5,4,5,1
574,53344082,20230925,M,40,부산광역시,4.0,1,4,2,5,3,4,2,3,3,4,5,3
575,53349579,20230925,M,40,경상북도,3.0,3,3,3,3,3,3,3,3,3,3,3,3
576,6066,20230925,M,30,경기도,2.0,1,4,4,4,1,2,1,4,3,2,4,1
577,28065,20230925,F,60,경기도,1.0,1,2,1,2,2,1,2,2,4,2,4,1
578,28665,20230925,F,60,대전광역시,2.0,3,3,3,2,2,3,3,2,2,4,4,3
579,197794,20230925,M,20,인천광역시,2.0,4,4,4,3,1,4,2,4,4,4,4,1
580,205112,20230925,F,60,경기도,3.0,2,2,2,3,2,3,2,3,3,2,3,2
581,276522,20230925,M,20,전라북도,3.0,3,3,2,2,2,3,3,2,3,3,3,3
582,315465,20230925,F,60,대구광역시,2.0,4,3,4,4,3,4,4,4,5,4,4,4
583,350848,20230925,F,50,경상북도,4.0,2,3,3,2,1,3,2,3,2,3,3,2
584,359107,20230925,M,30,경기도,4.0,2,5,5,5,5,3,3,5,4,5,3,2
585,369018,20230925,M,20,인천광역시,3.0,2,3,3,3,2,3,2,4,4,3,2,3
586,380951,20230925,M,20,경기도,2.0,3,3,3,3,3,3,3,3,3,3,3,3
587,382304,20230925,F,60,강원도,1.0,1,3,2,1,1,4,3,3,4,2,5,1
588,392818,20230925,F,60,경기도,4.0,1,3,3,1,2,4,3,4,3,4,4,3
589,392978,20230925,M,20,경기도,4.0,2,2,3,4,2,3,2,4,3,3,3,3
590,393668,20230925,M,20,경기도,2.0,3,3,1,1,1,5,3,1,1,1,1,1
591,409432,20230925,M,20,경기도,4.0,3,3,3,3,3,3,3,3,3,3,3,3
592,410949,20230925,M,20,제주도,2.0,1,4,3,3,2,3,2,4,3,4,3,3
593,421502,20230925,M,20,부산광역시,1.0,2,5,3,3,3,3,4,2,5,4,2,2
594,424278,20230925,M,20,경기도,1.0,3,3,3,3,3,3,3,3,3,3,3,3
595,425367,20230925,M,20,부산광역시,1.0,4,3,3,3,3,3,3,3,3,3,2,3
596,425726,20230925,M,20,경기도,3.0,1,5,1,3,3,3,1,3,3,3,3,1
597,429502,20230925,M,20,제주도,1.0,3,3,3,3,2,3,3,3,3,3,2,2
598,434377,20230925,F,50,전라남도,4.0,3,3,3,3,3,3,3,3,3,3,3,3
599,434688,20230925,F,60,전라남도,2.0,1,4,2,3,2,3,3,4,4,4,4,4
600,442074,20230925,M,20,대전광역시,1.0,4,3,3,4,3,4,2,3,4,4,4,3
601,444321,20230925,M,20,경상북도,4.0,1,5,4,1,1,2,2,2,2,2,1,1
602,448644,20230925,F,60,경기도,4.0,1,3,3,4,3,5,3,4,5,5,3,4
603,448646,20230925,M,30,경기도,3.0,1,4,3,4,3,4,3,5,4,4,4,3
604,452919,20230925,M,20,서울특별시,2.0,1,5,1,4,3,4,4,4,4,4,4,2
605,453740,20230925,M,20,충청남도(세종시 포함),1.0,3,4,3,3,3,3,3,4,3,3,3,3
606,453775,20230925,M,20,서울특별시,4.0,3,5,4,3,3,3,3,3,3,3,3,3
607,455077,20230925,M,30,경기도,4.0,2,5,2,1,1,5,3,3,3,3,5,3
608,460454,20230925,M,20,서울특별시,4.0,2,3,3,5,4,4,4,4,4,4,4,4
609,460693,20230925,M,20,대구광역시,1.0,3,4,3,3,3,3,3,3,3,3,3,3
610,460896,20230925,M,20,대구광역시,4.0,1,5,1,1,1,5,1,5,2,5,5,1
611,464152,20230925,M,20,부산광역시,3.0,2,5,4,3,3,4,4,5,3,5,4,1
612,53322994,20230925,M,40,서울특별시,4.0,2,4,3,4,3,3,3,3,3,3,3,3
613,53323256,20230925,M,50,서울특별시,4.0,3,3,4,4,3,4,3,4,3,3,5,3
614,53323619,20230925,F,20,서울특별시,1.0,2,1,2,4,1,2,1,1,5,5,3,1
615,53323638,20230925,M,40,서울특별시,2.0,3,2,3,4,3,3,2,4,5,4,3,4
616,53324039,20230925,M,40,서울특별시,3.0,2,4,3,5,4,3,5,5,5,5,5,3
617,53325876,20230925,F,30,충청북도,2.0,1,1,3,3,3,5,4,4,4,4,4,2
618,53325967,20230925,F,50,충청남도(세종시 포함),1.0,2,3,3,3,3,4,3,3,3,4,3,4
619,53327012,20230925,F,50,충청남도(세종시 포함),4.0,2,1,3,3,3,3,5,5,5,5,5,3
620,53327037,20230925,F,30,전라북도,1.0,1,3,4,4,1,4,1,3,3,2,4,1
621,53327467,20230925,M,30,인천광역시,3.0,1,4,3,3,2,3,3,3,3,3,3,1
622,53327670,20230925,F,20,대전광역시,2.0,2,4,4,4,3,4,3,4,3,4,4,3
623,53328364,20230925,F,50,경기도,4.0,2,3,3,2,2,4,5,4,3,4,4,4
624,53328600,20230925,F,60,인천광역시,4.0,2,3,3,3,3,3,3,3,3,3,3,3
625,53329283,20230925,F,20,서울특별시,4.0,3,3,3,3,3,3,3,3,3,3,3,3
626,53329447,20230925,F,60,경기도,2.0,3,3,3,3,2,2,2,2,2,2,2,2
627,53329719,20230925,M,30,전라북도,2.0,1,2,3,3,1,4,2,3,3,3,4,1
628,53330620,20230925,M,60,부산광역시,3.0,3,4,1,3,2,3,4,3,4,4,1,1
629,53330963,20230925,F,60,경기도,4.0,1,3,2,1,2,3,1,3,5,3,4,2
630,53331531,20230925,M,60,경상북도,2.0,3,3,3,4,3,3,3,4,4,3,3,2
631,53331678,20230925,M,40,대전광역시,3.0,1,4,2,4,4,4,3,4,4,4,4,1
632,53331922,20230925,M,50,서울특별시,3.0,3,3,3,3,3,3,3,3,3,3,3,3
633,53332091,20230925,M,30,경기도,2.0,2,3,3,2,2,3,2,4,3,3,4,2
634,53332191,20230925,M,50,경기도,3.0,3,4,4,4,4,4,4,4,4,4,4,4
635,53332633,20230925,F,20,충청남도(세종시 포함),4.0,3,1,3,5,1,3,3,3,3,3,3,3
636,53334252,20230925,F,40,경상북도,3.0,1,2,4,4,3,3,3,3,3,3,3,3
637,53334823,20230925,F,50,충청남도(세종시 포함),4.0,1,1,2,1,1,3,2,3,4,4,2,1
638,53334895,20230925,M,40,경상남도,3.0,1,3,4,4,2,2,2,2,2,2,3,1
639,53335009,20230925,M,60,경상북도,2.0,2,4,1,1,1,1,1,1,1,1,1,1
640,53335501,20230925,F,20,경상북도,4.0,3,3,3,3,3,3,3,3,3,3,3,3
641,53335839,20230925,M,30,경기도,4.0,1,1,4,4,3,4,4,4,5,4,4,3
642,53335843,20230925,F,60,강원도,2.0,1,1,2,1,3,1,3,3,3,3,4,3
643,53336009,20230925,M,40,경상남도,4.0,1,4,4,4,1,3,2,2,3,3,3,1
644,53337113,20230925,F,20,서울특별시,4.0,1,1,1,5,1,2,1,2,1,1,2,2
645,53337367,20230925,F,50,경기도,4.0,4,2,2,4,4,3,3,4,4,4,3,3
646,53337508,20230925,M,40,광주광역시,4.0,3,1,3,3,2,3,3,3,5,3,3,3
647,53338245,20230925,M,40,대구광역시,2.0,4,3,5,3,3,4,4,4,3,4,3,4
648,53338529,20230925,M,60,전라남도,2.0,2,2,2,2,2,2,2,1,1,2,2,1
649,53338870,20230925,M,30,전라북도,2.0,1,2,2,5,1,5,1,5,5,5,5,1
650,53339829,20230925,F,30,충청남도(세종시 포함),4.0,3,5,3,5,3,3,3,3,3,3,2,3
651,53339941,20230925,F,60,광주광역시,3.0,1,1,1,1,1,1,1,5,5,1,1,1
652,53341190,20230925,M,30,대구광역시,4.0,5,5,5,5,5,5,5,5,5,5,5,5
653,53341272,20230925,M,20,경기도,4.0,1,4,3,3,1,4,3,2,3,3,4,1
654,53341559,20230925,F,40,경상남도,3.0,3,3,3,3,3,3,3,3,3,3,3,5
655,53341862,20230925,M,30,경기도,2.0,2,2,3,2,2,3,2,3,2,2,3,2
656,53342141,20230925,F,30,충청남도(세종시 포함),2.0,1,1,4,4,4,4,2,5,3,5,5,3
657,53342466,20230925,F,30,부산광역시,1.0,2,4,4,4,2,3,3,3,3,3,4,1
658,53343016,20230925,M,40,제주도,1.0,1,2,2,1,1,5,2,4,5,5,4,1
659,53343622,20230925,F,30,충청북도,2.0,1,4,1,4,1,1,1,1,1,1,3,1
660,53343697,20230925,F,20,서울특별시,4.0,3,3,4,3,3,3,3,3,3,3,3,3
661,53344050,20230925,M,60,경상북도,3.0,4,4,4,3,4,4,4,3,4,5,3,3
662,53344409,20230925,M,60,부산광역시,2.0,4,4,3,3,3,3,2,3,3,3,3,3
663,53344644,20230925,F,20,전라북도,4.0,3,4,3,2,2,5,2,2,4,3,5,3
664,53344682,20230925,F,30,충청북도,1.0,3,4,4,5,3,5,3,5,5,4,5,3
665,53344690,20230925,F,20,인천광역시,4.0,1,3,3,5,2,5,2,5,4,4,5,3
666,53344971,20230925,M,40,전라남도,3.0,3,3,3,3,3,3,3,3,3,3,3,3
667,53345741,20230925,M,60,경기도,1.0,3,2,3,2,3,3,2,3,3,3,3,3
668,53345940,20230925,M,60,대구광역시,1.0,2,2,2,3,1,2,2,3,2,2,3,1
669,53346063,20230925,F,60,경기도,4.0,1,1,2,1,2,4,3,3,4,1,3,1
670,53347829,20230925,F,50,부산광역시,4.0,1,3,2,2,3,3,3,3,2,3,5,3
671,53347963,20230925,M,50,경상남도,3.0,3,1,3,4,3,3,1,3,5,4,3,1
672,53348163,20230925,M,30,광주광역시,2.0,1,1,1,1,1,1,1,1,1,1,1,1
673,53348167,20230925,M,50,울산광역시,3.0,1,1,1,3,2,3,2,4,4,4,4,2
674,53348576,20230925,F,30,충청남도(세종시 포함),2.0,1,4,2,3,2,3,2,3,3,2,3,2
675,53348602,20230925,M,40,서울특별시,2.0,3,3,3,3,3,3,3,3,3,3,3,3
676,53348776,20230925,M,60,경기도,3.0,2,2,3,2,3,4,5,3,4,2,5,4
677,53349268,20230925,M,60,경기도,4.0,3,3,2,3,3,3,3,4,4,4,4,2
678,53349793,20230925,M,30,울산광역시,2.0,2,3,2,4,3,3,3,3,3,3,3,3
679,53350174,20230925,M,30,부산광역시,2.0,2,3,3,4,1,2,3,3,3,3,3,1
680,53350344,20230925,M,60,경기도,4.0,4,2,3,4,2,2,2,2,1,4,3,1
681,53350454,20230925,F,40,제주도,2.0,3,5,2,5,3,3,3,5,4,4,4,3
682,53351096,20230925,F,50,경기도,2.0,4,4,5,3,4,4,3,5,5,5,5,2
683,53351448,20230925,F,50,경상남도,3.0,2,3,3,3,2,4,3,3,4,4,3,3
684,53352119,20230925,M,50,경상북도,3.0,3,4,4,4,3,3,3,4,3,3,3,3
685,53352431,20230925,M,40,인천광역시,4.0,2,3,1,3,4,1,3,5,4,4,4,3
686,53352793,20230925,F,50,경기도,3.0,2,1,3,4,3,3,3,3,4,3,3,3
687,53352946,20230925,M,60,경상남도,3.0,4,3,3,3,2,4,3,4,3,3,3,3
688,53353635,20230925,F,40,경상남도,4.0,2,2,3,3,4,4,3,4,4,4,4,2
689,53354182,20230925,M,60,경기도,3.0,5,2,4,2,2,4,2,4,2,2,2,2
690,53354333,20230925,M,30,경기도,3.0,1,1,1,1,1,1,1,1,1,1,1,1
691,53355666,20230925,F,30,대전광역시,4.0,2,4,4,4,3,4,3,4,4,4,3,2
692,53355696,20230925,F,40,충청남도(세종시 포함),3.0,4,3,4,4,4,4,4,4,4,4,4,3
693,53355838,20230925,F,40,광주광역시,3.0,2,2,3,3,3,3,3,3,3,3,3,3
694,53356140,20230925,M,30,대구광역시,4.0,3,5,3,4,3,1,3,1,1,3,5,3
695,53356261,20230925,F,60,경기도,2.0,2,2,2,2,2,4,2,4,2,1,2,3
696,53356458,20230925,F,20,충청북도,3.0,2,5,4,4,2,5,2,4,4,4,4,2
697,53358147,20230925,F,30,전라북도,3.0,3,4,4,5,1,3,2,4,4,3,4,2
698,53358277,20230925,M,60,경기도,3.0,3,3,3,3,3,3,3,3,3,3,3,3
699,53359202,20230925,F,20,인천광역시,3.0,4,5,4,5,1,3,1,4,3,4,3,3
700,53359357,20230925,M,50,경기도,4.0,3,3,3,3,1,3,3,3,3,3,3,1
701,53359509,20230925,F,50,강원도,4.0,5,5,5,5,3,5,3,5,3,5,5,3
702,53359997,20230925,M,30,경기도,4.0,3,4,4,4,1,4,1,4,4,4,3,1
703,53360098,20230925,F,50,충청남도(세종시 포함),4.0,1,3,3,5,3,3,2,5,5,5,3,2
704,53360210,20230925,M,40,전라남도,2.0,1,2,1,2,1,1,1,1,1,1,1,1
705,53360216,20230925,F,50,제주도,2.0,4,5,4,4,3,3,2,3,2,3,4,2
706,53361270,20230925,F,50,경기도,3.0,4,4,4,4,4,4,4,4,4,4,4,4
707,53361447,20230925,M,30,서울특별시,4.0,1,4,1,1,1,1,1,1,1,1,1,1
708,53361597,20230925,F,30,경상남도,4.0,1,1,1,3,1,1,1,1,1,1,4,1
709,53361649,20230925,F,20,광주광역시,1.0,3,3,3,4,3,3,3,3,3,3,3,3
710,53361658,20230925,M,60,대전광역시,3.0,2,1,3,3,3,3,3,4,3,3,4,3
711,53361998,20230925,M,30,경기도,4.0,1,4,1,1,1,4,5,3,3,3,3,1
712,53362202,20230925,F,50,경상남도,3.0,2,2,3,3,3,3,4,4,3,4,3,2
713,53363025,20230925,F,30,인천광역시,1.0,4,3,4,3,3,3,3,4,4,4,3,3
714,53363921,20230925,M,50,서울특별시,3.0,2,3,3,3,3,3,3,2,3,2,3,3
715,53364669,20230925,F,60,경기도,2.0,3,3,3,3,4,4,3,4,3,4,3,3
716,53365147,20230925,M,60,경기도,3.0,1,5,2,1,1,4,2,5,4,3,3,1
717,53365183,20230925,M,60,경기도,3.0,1,1,1,1,4,4,4,4,4,4,4,1
718,53365264,20230925,F,20,강원도,2.0,2,1,3,5,3,4,2,4,4,4,3,3
719,53365911,20230925,F,30,광주광역시,4.0,1,3,2,3,1,4,3,5,4,4,5,1
720,53366130,20230925,M,30,울산광역시,1.0,1,4,1,3,1,4,1,4,2,4,4,1
721,53366949,20230925,M,40,인천광역시,4.0,2,4,3,3,2,3,2,2,4,4,4,1
722,53366957,20230925,M,30,경기도,2.0,1,3,1,1,1,3,1,3,3,1,3,1
723,53367706,20230925,M,50,경상북도,4.0,3,4,3,4,4,3,3,3,3,3,3,1
724,53368403,20230925,M,50,충청북도,2.0,3,3,3,3,2,2,2,3,2,3,2,3
725,53368629,20230925,F,20,전라북도,4.0,1,5,4,4,2,4,3,4,2,3,4,2
726,53368680,20230925,M,60,부산광역시,2.0,3,4,3,4,3,3,3,3,3,3,3,3
727,53369200,20230925,M,20,서울특별시,4.0,1,3,3,3,1,3,1,5,4,4,2,1
728,53369399,20230925,M,30,경기도,3.0,1,3,2,4,4,5,5,3,3,3,4,4
729,53370839,20230925,M,40,대전광역시,3.0,1,3,4,3,2,5,3,5,4,4,5,2
730,53371275,20230925,F,40,대전광역시,4.0,3,3,3,4,4,3,3,3,3,3,3,3
731,53371736,20230925,M,30,서울특별시,2.0,1,5,3,3,1,5,3,5,3,5,5,3
732,53374610,20230925,F,50,경기도,4.0,2,1,3,3,3,3,3,4,4,4,4,3
733,53374936,20230925,F,30,전라북도,2.0,1,2,2,3,3,5,4,4,2,4,4,2
734,53375038,20230925,M,20,경기도,4.0,3,4,3,4,4,4,4,4,4,4,4,3
735,53375142,20230925,M,60,경기도,4.0,1,4,3,3,3,4,3,4,4,3,4,3
736,53375446,20230925,M,30,서울특별시,1.0,3,3,2,4,3,3,3,3,3,3,3,4
737,53375667,20230925,F,60,경기도,4.0,3,3,3,3,4,3,4,4,3,3,3,3
738,53376164,20230925,F,40,경상북도,3.0,3,3,3,3,3,3,3,3,3,3,3,3
739,53376637,20230925,F,50,경기도,1.0,3,4,1,2,2,5,1,5,2,4,4,1
740,53376908,20230925,F,40,경상남도,1.0,3,4,3,3,3,3,3,4,3,3,3,3
741,53377395,20230925,M,50,대구광역시,1.0,1,1,2,1,2,1,2,1,1,1,1,1
742,53335489,20230911,F,60,서울특별시,4.0,3,4,4,3,2,3,4,4,3,3,4,3
743,53322589,20230911,F,60,서울특별시,2.0,4,2,2,3,4,4,4,3,3,3,2,4
744,53351328,20230911,F,60,서울특별시,3.0,1,4,4,4,1,1,1,4,1,1,1,1
745,53350406,20230911,F,60,서울특별시,4.0,2,1,3,3,1,4,1,3,4,3,3,1
746,53324978,20230911,F,60,서울특별시,2.0,2,4,4,4,1,4,4,4,3,3,4,3
747,53352855,20230911,F,60,서울특별시,3.0,1,1,1,3,1,3,1,3,3,1,1,1
748,53364566,20230911,F,50,서울특별시,1.0,4,4,4,4,4,4,4,4,4,4,4,4
749,53325395,20230911,F,50,서울특별시,3.0,1,1,2,3,4,4,3,3,5,4,5,1
750,53338981,20230911,F,50,서울특별시,4.0,1,1,2,4,1,5,1,5,3,3,4,1
751,53344142,20230911,F,50,서울특별시,4.0,3,3,3,4,3,4,5,4,4,5,4,3
752,53323228,20230911,F,50,서울특별시,4.0,2,2,3,1,2,5,2,3,4,4,4,3
753,53365373,20230911,F,50,부산광역시,1.0,2,4,4,3,3,3,4,3,4,3,4,1
754,53375804,20230911,F,50,부산광역시,3.0,3,3,3,3,3,3,3,3,3,3,3,3
755,53337298,20230911,F,50,부산광역시,4.0,2,2,5,4,3,4,4,5,1,5,3,3
756,53375758,20230911,F,50,전라북도,3.0,1,3,3,4,1,1,1,1,1,1,1,1
757,53341910,20230911,F,50,제주도,4.0,1,3,3,5,5,3,3,2,4,3,2,3
758,53357227,20230911,F,40,서울특별시,4.0,1,4,4,1,1,4,3,4,4,4,4,3
759,53324165,20230911,F,40,서울특별시,4.0,1,5,4,3,3,3,3,3,3,4,3,3
760,53326452,20230911,F,40,서울특별시,4.0,1,3,3,3,1,3,1,5,5,5,3,1
761,53328353,20230911,F,40,서울특별시,1.0,3,1,4,4,3,4,3,3,3,3,4,3
762,53354780,20230911,F,40,서울특별시,2.0,1,1,1,5,1,4,3,4,4,4,5,3
763,53324611,20230911,F,40,서울특별시,4.0,1,3,2,3,1,4,1,2,3,2,4,1
764,53365272,20230911,F,40,부산광역시,1.0,2,3,3,2,3,2,2,2,3,2,3,2
765,53350931,20230911,F,40,부산광역시,4.0,2,2,3,4,1,4,4,4,3,4,5,2
766,53332713,20230911,F,40,대구광역시,3.0,3,3,3,3,3,4,3,4,4,4,4,3
767,53336948,20230911,F,40,인천광역시,3.0,1,3,3,5,2,4,5,5,5,5,5,3
768,53331121,20230911,F,40,인천광역시,3.0,1,4,1,1,1,2,2,3,1,3,3,1
769,53354102,20230911,F,40,울산광역시,2.0,3,3,3,3,5,3,3,5,5,5,3,3
770,53339584,20230911,F,30,서울특별시,3.0,1,2,3,4,1,4,3,3,4,3,4,1
771,53323735,20230911,F,30,서울특별시,2.0,1,1,1,1,1,1,1,1,1,1,1,1
772,53323365,20230911,F,30,서울특별시,4.0,2,3,1,2,3,3,1,4,1,1,3,3
773,53323685,20230911,F,30,서울특별시,2.0,1,2,2,4,3,5,4,3,4,3,4,4
774,53366007,20230911,F,30,경기도,1.0,2,3,3,3,2,4,3,5,2,5,3,1
775,53339874,20230911,F,30,경기도,4.0,3,3,4,3,3,3,3,3,3,3,4,3
776,53373222,20230911,F,30,경기도,3.0,1,1,1,3,1,4,2,3,4,3,3,3
777,53345202,20230911,F,30,부산광역시,2.0,2,1,3,4,1,3,2,2,4,2,4,3
778,53341688,20230911,F,30,부산광역시,1.0,2,1,3,3,3,4,3,3,3,3,4,3
779,53372798,20230911,F,30,부산광역시,1.0,1,5,4,2,1,2,3,3,2,3,4,1
780,53329820,20230911,F,20,서울특별시,4.0,5,1,5,5,5,5,5,5,5,5,5,5
781,53358826,20230911,F,20,서울특별시,2.0,4,3,5,2,3,4,3,3,3,3,2,3
782,53356914,20230911,F,20,서울특별시,2.0,2,1,3,3,3,4,3,3,4,4,4,3
783,53372279,20230911,F,20,대전광역시,1.0,1,4,2,4,3,5,3,3,3,4,5,3
784,53350046,20230911,M,60,서울특별시,3.0,3,2,3,4,4,3,4,3,4,4,4,4
785,53341319,20230911,M,60,서울특별시,4.0,2,3,3,3,5,4,3,3,4,4,3,3
786,53338690,20230911,M,60,서울특별시,3.0,3,1,2,3,2,4,2,4,4,2,3,2
787,53345394,20230911,M,60,서울특별시,3.0,1,1,3,4,2,4,1,4,4,4,3,1
788,53323278,20230911,M,60,서울특별시,3.0,2,3,3,3,2,4,2,3,4,3,4,2
789,53350803,20230911,M,60,서울특별시,1.0,3,1,1,1,1,1,1,1,1,1,1,1
790,53324318,20230911,M,60,서울특별시,4.0,2,4,3,4,2,3,2,2,3,2,2,2
791,53352424,20230911,M,60,경기도,3.0,3,1,4,4,3,2,3,3,3,3,3,2
792,53348719,20230911,M,60,경기도,4.0,4,4,4,4,3,3,3,3,3,3,3,3
793,53328537,20230911,M,60,경기도,3.0,3,5,4,3,4,4,4,3,4,4,4,5
794,53333234,20230911,M,60,경기도,2.0,2,3,3,3,3,5,4,4,4,4,4,2
795,53332098,20230911,M,60,경기도,4.0,1,4,3,3,3,4,3,4,3,3,3,3
796,53330997,20230911,M,60,경기도,4.0,2,3,4,4,1,3,1,3,3,3,3,1
797,53375064,20230911,M,60,광주광역시,1.0,4,4,5,4,4,4,4,5,5,5,5,4
798,53340726,20230911,M,50,경상남도,2.0,2,3,4,4,3,4,3,4,4,4,4,3
799,53362860,20230911,M,40,경기도,1.0,4,5,4,4,1,1,1,1,1,1,1,1
800,53356151,20230911,M,40,경기도,4.0,3,4,3,3,3,3,3,3,3,3,3,1
801,53338037,20230911,M,40,경기도,3.0,1,1,3,4,1,4,3,3,3,3,3,1
802,53343796,20230911,M,40,경기도,4.0,1,1,1,1,1,1,1,1,1,1,1,1
803,53366090,20230911,M,40,경기도,3.0,2,4,3,3,2,3,3,4,3,3,3,2
804,53330843,20230911,M,40,경기도,4.0,1,4,4,2,2,5,2,4,3,4,4,1
805,53355983,20230911,M,40,경기도,4.0,1,3,3,3,4,5,4,5,5,5,3,4
806,53373680,20230911,M,40,경기도,3.0,3,1,3,4,3,3,3,4,4,3,4,2
807,53340760,20230911,M,40,부산광역시,1.0,3,3,3,3,3,3,4,3,3,3,3,3
808,53350607,20230911,M,40,경상남도,1.0,1,1,1,1,1,1,1,1,1,1,1,1
809,53344555,20230911,M,40,경상남도,3.0,1,1,1,3,1,1,1,1,1,1,3,1
810,53352515,20230911,M,40,경상남도,3.0,1,1,4,4,1,4,1,3,4,4,4,1
811,53376324,20230911,M,40,경상남도,4.0,1,3,3,5,4,3,2,4,4,4,4,1
812,53359865,20230911,M,30,인천광역시,2.0,1,4,4,3,3,5,3,4,3,4,3,3
813,53327091,20230911,M,30,인천광역시,3.0,3,3,3,3,3,3,3,3,3,3,3,3
814,53338160,20230911,M,30,인천광역시,4.0,3,2,2,2,2,1,2,4,4,4,4,1
815,53340529,20230911,M,30,인천광역시,2.0,1,4,3,4,3,4,1,4,4,4,4,1
816,53330601,20230911,M,30,인천광역시,2.0,2,3,4,5,1,3,3,3,4,2,2,1
817,53376823,20230911,M,30,울산광역시,2.0,1,1,1,1,1,4,1,4,1,1,1,1
818,76639,20230911,F,60,경기도,4.0,2,2,2,3,2,2,3,2,2,3,3,3
819,172192,20230911,M,20,경상남도,2.0,3,3,3,3,3,3,3,3,3,3,3,3
820,205608,20230911,F,60,경상북도,3.0,2,3,2,4,2,3,2,3,2,2,3,2
821,237625,20230911,M,30,서울특별시,2.0,4,4,4,4,4,4,4,4,4,4,4,4
822,293947,20230911,F,60,경상북도,4.0,2,4,1,2,2,2,2,3,3,4,4,1
823,301972,20230911,F,60,전라남도,1.0,2,3,3,2,2,3,3,3,2,3,3,2
824,349455,20230911,M,20,경상북도,2.0,1,2,3,1,1,3,3,1,1,1,1,1
825,350800,20230911,M,20,대구광역시,2.0,2,4,3,3,3,3,3,3,3,3,3,3
826,399199,20230911,F,60,경상북도,4.0,3,3,3,3,4,5,4,3,3,3,4,3
827,416206,20230911,M,20,경기도,2.0,2,3,3,3,2,3,3,3,4,3,4,2
828,421494,20230911,M,20,인천광역시,4.0,1,5,3,3,3,4,3,4,4,4,4,3
829,422095,20230911,M,20,서울특별시,3.0,3,3,3,3,3,3,3,3,3,3,3,3
830,422770,20230911,M,20,경기도,4.0,3,4,4,5,5,4,5,3,3,3,3,2
831,434561,20230911,M,20,경기도,2.0,3,3,3,3,3,4,3,3,3,3,3,3
832,447315,20230911,M,20,경상남도,4.0,1,5,2,3,3,5,3,3,3,3,3,1
833,451221,20230911,F,60,경상북도,1.0,2,2,4,2,2,3,3,4,5,2,5,3
834,452029,20230911,M,20,광주광역시,4.0,3,3,3,3,3,3,3,3,3,3,3,3
835,453698,20230911,M,20,전라북도,2.0,2,4,3,4,3,3,3,3,3,3,4,3
836,459980,20230911,M,20,전라북도,1.0,1,5,2,4,2,5,2,4,3,3,4,2
837,466254,20230911,M,20,서울특별시,2.0,1,1,3,4,4,5,3,3,3,5,4,1
838,466840,20230911,M,20,전라북도,2.0,3,3,4,3,3,3,3,3,3,3,3,2
839,467021,20230911,M,20,부산광역시,2.0,3,4,4,4,1,3,3,3,3,3,3,3
840,53322415,20230911,M,30,경기도,2.0,1,1,3,4,1,4,3,3,3,2,3,3
841,53322949,20230911,M,50,서울특별시,3.0,1,3,3,3,4,3,3,3,3,3,4,3
842,53323301,20230911,M,30,서울특별시,4.0,1,2,3,3,2,4,2,5,4,5,4,2
843,53323495,20230911,M,30,서울특별시,2.0,1,3,5,4,2,3,2,4,4,4,4,2
844,53323698,20230911,M,50,서울특별시,2.0,3,5,3,3,3,5,3,5,5,5,4,3
845,53323745,20230911,M,50,서울특별시,4.0,2,3,3,4,1,3,3,3,2,3,4,3
846,53324262,20230911,M,50,서울특별시,4.0,1,3,3,3,2,3,3,3,4,3,3,1
847,53324953,20230911,M,40,서울특별시,4.0,1,5,4,5,4,5,3,2,5,4,5,1
848,53325412,20230911,F,30,충청남도(세종시 포함),1.0,1,1,4,5,3,4,3,4,3,3,4,3
849,53325431,20230911,F,40,강원도,4.0,3,5,5,4,3,4,4,4,4,4,4,3
850,53325572,20230911,M,50,경상북도,4.0,1,1,1,3,1,2,1,1,1,1,2,2
851,53326336,20230911,F,40,충청남도(세종시 포함),3.0,3,3,3,3,4,3,3,4,4,4,4,3
852,53327052,20230911,M,30,전라북도,3.0,1,3,3,3,1,3,3,3,3,3,3,1
853,53327228,20230911,F,60,강원도,2.0,2,3,4,5,2,3,3,3,3,3,4,3
854,53327238,20230911,F,20,경기도,2.0,1,1,3,3,2,3,3,4,3,4,3,3
855,53327604,20230911,M,40,서울특별시,2.0,3,3,4,4,3,3,3,3,3,3,3,3
856,53327869,20230911,M,30,대구광역시,1.0,2,3,2,3,3,5,2,3,3,1,3,1
857,53328293,20230911,F,30,대구광역시,2.0,2,3,3,4,3,4,4,4,4,4,4,3
858,53329006,20230911,M,50,울산광역시,4.0,3,3,4,4,3,3,3,3,3,3,4,3
859,53329254,20230911,M,50,전라남도,3.0,1,5,4,5,1,3,1,1,1,1,1,1
860,53329562,20230911,F,60,인천광역시,1.0,2,3,3,2,2,1,2,1,1,1,2,1
861,53329955,20230911,F,60,경기도,3.0,4,5,3,3,4,4,3,4,4,3,3,3
862,53330270,20230911,M,60,경상남도,3.0,2,3,3,3,3,4,4,4,2,3,4,4
863,53330425,20230911,M,40,제주도,3.0,1,2,3,4,1,3,4,3,5,3,4,2
864,53331083,20230911,M,60,인천광역시,2.0,2,4,3,2,3,5,3,4,3,4,4,2
865,53331141,20230911,M,40,인천광역시,3.0,3,2,3,3,3,4,3,4,4,4,4,3
866,53331191,20230911,M,30,경기도,3.0,2,3,3,4,2,4,2,4,3,4,3,3
867,53331400,20230911,F,60,부산광역시,1.0,1,3,1,3,3,5,3,4,4,4,5,5
868,53331512,20230911,F,20,경기도,2.0,4,4,5,4,3,4,3,3,3,3,4,4
869,53331644,20230911,M,50,부산광역시,1.0,2,4,4,3,2,3,2,3,4,3,3,2
870,53331789,20230911,F,20,강원도,2.0,3,4,3,3,3,3,3,3,4,3,3,1
871,53332543,20230911,F,50,경기도,2.0,1,3,1,1,1,2,1,1,1,1,1,1
872,53332727,20230911,F,60,충청남도(세종시 포함),2.0,1,2,3,3,1,1,1,1,1,1,5,1
873,53333413,20230911,M,50,경상북도,2.0,2,4,3,3,3,4,3,4,4,3,4,3
874,53334949,20230911,M,40,대구광역시,4.0,1,4,1,3,1,5,1,5,5,5,4,1
875,53335254,20230911,M,60,충청북도,2.0,3,3,2,3,3,3,2,2,3,3,3,3
876,53335449,20230911,M,30,부산광역시,2.0,3,2,3,2,4,4,2,2,3,2,2,3
877,53335877,20230911,F,60,경상남도,4.0,3,3,3,3,3,4,3,5,5,4,4,3
878,53335989,20230911,F,60,울산광역시,2.0,1,3,3,3,2,3,2,2,2,3,3,1
879,53336312,20230911,F,60,전라북도,2.0,4,1,5,2,3,5,4,5,4,3,4,2
880,53336390,20230911,M,60,부산광역시,2.0,3,4,3,4,2,1,3,3,3,3,3,1
881,53336486,20230911,M,50,경기도,2.0,2,3,2,3,1,3,4,3,1,4,3,1
882,53336860,20230911,F,20,경기도,3.0,4,4,4,4,4,4,4,4,4,4,5,4
883,53337750,20230911,F,60,인천광역시,4.0,1,2,3,3,1,3,2,3,3,2,4,1
884,53337772,20230911,F,60,광주광역시,3.0,3,3,3,3,3,3,3,1,4,4,2,3
885,53337955,20230911,F,20,인천광역시,2.0,1,5,3,3,3,5,3,4,3,4,5,3
886,53338181,20230911,M,50,충청남도(세종시 포함),3.0,2,3,3,2,2,3,3,3,3,3,2,3
887,53338715,20230911,M,40,서울특별시,4.0,3,5,3,4,3,4,3,5,3,3,4,3
888,53339347,20230911,M,50,경기도,3.0,1,2,2,2,2,4,2,4,4,3,4,2
889,53339653,20230911,M,40,충청북도,3.0,2,4,3,3,2,4,3,4,3,3,4,1
890,53339667,20230911,F,40,경상북도,3.0,2,3,4,3,3,4,4,4,4,4,4,2
891,53340437,20230911,M,50,경기도,4.0,1,4,1,4,1,3,2,3,3,2,3,1
892,53340696,20230911,M,50,경기도,4.0,2,1,1,3,4,3,1,4,3,4,4,1
893,53340744,20230911,M,40,충청남도(세종시 포함),3.0,3,3,4,3,4,5,2,5,4,5,5,2
894,53341417,20230911,M,40,서울특별시,3.0,1,5,3,2,2,5,1,3,3,4,2,1
895,53341492,20230911,F,50,경기도,2.0,2,3,3,4,2,4,3,4,4,4,4,2
896,53342734,20230911,F,30,대구광역시,2.0,3,1,2,2,3,3,2,2,2,3,2,2
897,53342870,20230911,F,40,경기도,3.0,1,2,3,3,1,3,2,4,4,4,2,1
898,53343333,20230911,F,60,경기도,2.0,3,3,3,3,3,3,4,3,4,3,3,3
899,53343414,20230911,M,20,경기도,4.0,1,5,4,5,2,5,1,5,5,5,5,3
900,53343575,20230911,F,50,광주광역시,4.0,1,3,4,3,3,1,3,1,3,3,4,1
901,53344518,20230911,M,50,부산광역시,1.0,1,4,2,1,1,5,1,4,4,3,2,1
902,53344802,20230911,M,50,경기도,4.0,1,4,2,2,2,4,2,5,4,5,3,2
903,53344920,20230911,F,50,대전광역시,4.0,3,3,3,2,4,4,4,4,4,4,4,4
904,53344998,20230911,M,30,부산광역시,4.0,1,4,2,1,1,3,1,4,3,3,3,1
905,53345115,20230911,F,30,인천광역시,3.0,1,1,4,5,2,5,2,3,3,3,4,1
906,53345555,20230911,F,20,경기도,4.0,4,1,3,2,3,5,3,5,4,4,4,3
907,53345647,20230911,M,40,전라남도,3.0,2,4,3,4,3,3,3,3,3,3,3,3
908,53345754,20230911,F,30,강원도,2.0,3,3,3,3,3,3,3,3,3,3,3,3
909,53345787,20230911,M,40,전라북도,2.0,1,1,1,5,1,1,1,2,1,1,1,1
910,53346351,20230911,M,60,인천광역시,3.0,1,4,1,3,2,4,1,2,2,3,1,1
911,53346646,20230911,M,30,서울특별시,2.0,1,1,5,5,1,5,1,5,5,5,5,1
912,53346754,20230911,M,50,경기도,1.0,2,2,3,3,2,3,2,3,3,3,3,2
913,53347263,20230911,M,60,전라북도,3.0,1,1,2,3,1,1,1,1,1,1,3,1
914,53347428,20230911,M,30,부산광역시,3.0,3,4,3,3,3,4,3,4,4,4,4,3
915,53347454,20230911,F,40,경상북도,3.0,1,5,3,5,2,4,3,4,5,4,4,3
916,53347770,20230911,F,50,경기도,3.0,3,2,4,3,3,5,4,5,5,5,5,4
917,53348270,20230911,F,50,전라남도,1.0,3,2,3,3,3,3,3,3,3,3,3,3
918,53348379,20230911,F,20,인천광역시,3.0,3,4,3,3,3,3,3,3,3,4,3,3
919,53348641,20230911,F,50,경기도,4.0,1,2,1,1,2,3,4,2,1,3,3,1
920,53348899,20230911,F,50,경상남도,2.0,3,1,3,3,3,3,3,4,4,3,4,3
921,53349386,20230911,F,60,충청남도(세종시 포함),2.0,3,4,3,4,3,3,3,5,4,3,3,3
922,53349464,20230911,F,50,경상남도,2.0,2,1,2,4,3,2,3,4,3,4,4,2
923,53351210,20230911,M,30,경상남도,2.0,2,5,4,4,2,3,1,4,1,2,2,1
924,53351431,20230911,F,50,인천광역시,2.0,2,2,3,4,1,1,1,2,1,2,2,1
925,53351476,20230911,M,20,광주광역시,4.0,3,4,3,2,3,4,2,4,3,3,4,3
926,53351987,20230911,M,60,전라남도,2.0,4,4,4,4,4,4,4,4,4,4,4,4
927,53352518,20230911,F,40,충청남도(세종시 포함),1.0,3,3,3,3,3,3,3,3,3,3,3,3
928,53353244,20230911,M,50,경기도,4.0,1,3,3,4,1,3,1,5,3,4,4,1
929,53353549,20230911,F,50,충청북도,4.0,3,3,3,4,3,3,3,4,3,2,2,3
930,53353572,20230911,F,20,전라남도,2.0,1,2,2,4,1,3,3,3,4,4,5,3
931,53353858,20230911,F,20,경기도,1.0,3,3,3,3,3,4,3,3,3,3,3,3
932,53354099,20230911,M,50,부산광역시,4.0,1,3,2,3,2,3,2,5,5,5,2,1
933,53354281,20230911,M,50,인천광역시,2.0,3,3,3,4,3,4,3,3,3,3,4,3
934,53354675,20230911,M,30,서울특별시,3.0,3,5,4,4,3,5,3,5,5,4,4,3
935,53355095,20230911,F,20,경상북도,2.0,2,1,3,5,4,3,2,4,4,4,5,2
936,53355116,20230911,F,40,경기도,2.0,1,3,1,3,1,3,2,3,3,3,3,1
937,53355364,20230911,M,50,광주광역시,2.0,3,3,3,3,3,3,3,3,3,3,3,3
938,53355509,20230911,F,20,울산광역시,2.0,1,4,1,3,3,3,3,3,3,3,3,1
939,53356225,20230911,M,30,전라남도,4.0,3,5,3,4,3,3,3,3,3,4,4,3
940,53356377,20230911,M,30,서울특별시,3.0,1,4,4,4,2,4,2,4,4,4,4,1
941,53356655,20230911,F,60,경기도,3.0,2,4,3,3,3,4,4,4,3,4,4,3
942,53356844,20230911,M,40,서울특별시,4.0,3,3,4,4,2,3,1,3,2,3,3,1
943,53357107,20230911,F,30,경상남도,4.0,3,1,4,5,3,3,3,1,1,1,2,3
944,53357840,20230911,M,40,전라북도,2.0,1,2,2,1,2,1,2,1,1,1,1,1
945,53358847,20230911,F,50,충청남도(세종시 포함),2.0,2,3,4,4,4,4,4,4,4,4,4,3
946,53359369,20230911,M,30,경기도,2.0,1,5,3,2,1,5,3,5,5,5,5,1
947,53359539,20230911,M,50,서울특별시,4.0,2,3,3,5,3,3,3,3,3,3,3,3
948,53359625,20230911,F,40,경기도,3.0,3,3,3,3,3,3,3,3,3,3,3,3
949,53360042,20230911,F,40,경기도,3.0,3,3,2,4,1,4,3,3,3,3,4,2
950,53360168,20230911,M,50,부산광역시,4.0,1,3,1,4,1,5,1,3,3,3,3,1
951,53360253,20230911,F,60,경상남도,3.0,3,1,2,3,1,2,3,3,1,3,2,1
952,53360455,20230911,F,50,충청북도,3.0,3,3,2,4,1,2,2,2,1,3,4,2
953,53360482,20230911,F,50,대구광역시,4.0,1,4,4,4,3,4,2,4,3,3,4,3
954,53361167,20230911,M,40,인천광역시,4.0,3,1,2,3,1,2,1,3,3,2,2,1
955,53361212,20230911,F,30,충청남도(세종시 포함),2.0,1,1,3,4,3,3,3,4,2,2,2,2
956,53361596,20230911,F,50,인천광역시,4.0,2,3,3,4,2,4,3,5,3,5,3,2
957,53361662,20230911,F,60,부산광역시,3.0,1,1,2,4,2,3,2,3,3,3,2,1
958,53362173,20230911,F,60,강원도,1.0,2,2,3,2,3,3,2,4,3,2,4,2
959,53362956,20230911,F,50,충청남도(세종시 포함),3.0,1,3,1,3,4,4,1,4,5,4,4,1
960,53363018,20230911,M,60,경상북도,3.0,3,3,3,3,3,4,4,4,4,4,4,3
961,53363114,20230911,M,50,경기도,3.0,2,3,3,2,4,3,3,4,4,4,3,2
962,53363213,20230911,F,30,대구광역시,2.0,1,5,3,3,3,3,5,5,5,5,5,1
963,53363239,20230911,F,60,경기도,4.0,4,3,4,3,3,4,4,3,4,3,4,4
964,53363377,20230911,M,20,충청북도,2.0,1,4,1,1,1,4,2,4,3,3,4,3
965,53363398,20230911,M,30,서울특별시,4.0,1,2,2,3,1,4,2,3,2,4,5,1
966,53363672,20230911,M,30,경기도,3.0,2,3,3,3,2,4,4,4,4,4,4,2
967,53364021,20230911,F,50,광주광역시,3.0,3,2,4,4,1,5,2,4,4,3,5,2
968,53364099,20230911,F,30,충청북도,3.0,1,1,1,3,1,3,1,3,2,3,4,1
969,53364603,20230911,F,50,경기도,3.0,1,4,2,2,1,3,2,3,3,3,3,1
970,53364683,20230911,M,40,전라북도,2.0,1,2,1,3,1,2,4,2,1,1,2,5
971,53364812,20230911,M,60,경상남도,2.0,3,5,5,3,5,3,3,3,5,3,3,3
972,53365701,20230911,M,40,인천광역시,2.0,1,1,1,3,2,3,2,4,3,3,4,2
973,53365763,20230911,F,50,충청남도(세종시 포함),3.0,3,2,3,3,1,4,3,5,5,4,4,1
974,53366292,20230911,M,50,경기도,3.0,2,3,3,3,3,3,3,3,3,3,3,3
975,53367893,20230911,F,20,인천광역시,2.0,1,5,2,5,2,4,4,5,4,5,4,3
976,53368078,20230911,M,30,경기도,3.0,4,5,5,5,4,5,5,5,4,4,5,4
977,53368506,20230911,F,50,충청남도(세종시 포함),3.0,3,3,3,3,5,5,3,5,5,5,5,3
978,53369243,20230911,M,60,경상북도,3.0,4,4,4,4,3,4,3,4,3,4,4,3
979,53370071,20230911,M,30,경상북도,2.0,3,4,4,3,3,5,3,5,5,5,4,3
980,53370101,20230911,M,40,서울특별시,4.0,3,1,2,5,3,4,3,5,4,5,4,3
981,53370186,20230911,F,50,경기도,3.0,4,4,4,5,5,5,5,5,5,5,4,5
982,53370365,20230911,M,40,충청북도,3.0,2,4,4,4,2,4,2,5,3,4,5,2
983,53370750,20230911,F,40,경기도,3.0,2,3,3,3,2,3,3,4,3,4,4,2
984,53370834,20230911,M,20,경기도,2.0,3,3,4,4,4,3,4,3,4,3,4,3
985,53370896,20230911,M,50,서울특별시,4.0,2,3,1,2,1,3,4,3,2,3,3,3
986,53371342,20230911,F,60,울산광역시,2.0,2,2,2,2,4,1,4,2,4,4,2,2
987,53372276,20230911,F,50,충청북도,4.0,2,3,3,3,3,3,3,4,3,3,4,3
988,53373908,20230911,M,50,대구광역시,2.0,3,2,3,3,3,3,3,3,3,3,2,3
989,53374387,20230911,M,50,전라북도,4.0,2,1,4,4,2,4,3,3,3,4,4,2
990,53374420,20230911,F,60,대전광역시,3.0,3,4,4,5,4,4,4,4,4,4,4,4
991,53375960,20230911,F,20,대구광역시,2.0,2,3,3,4,2,4,2,4,4,4,4,3
992,53376443,20230911,F,50,경기도,4.0,3,4,3,4,3,4,1,3,3,4,4,1
993,53376586,20230911,F,20,전라남도,1.0,1,3,5,3,1,5,1,5,5,5,5,1
994,53376673,20230911,F,60,전라북도,1.0,4,4,3,4,3,3,4,3,4,4,3,3
995,53377323,20230911,M,50,서울특별시,2.0,1,1,3,3,1,4,1,3,1,3,3,1
996,53324076,20230918,F,60,서울특별시,4.0,3,4,3,4,2,4,2,4,3,2,3,2
997,53323966,20230918,F,60,서울특별시,1.0,3,1,3,3,3,3,3,3,3,3,3,3
998,53371215,20230918,F,60,서울특별시,2.0,1,1,1,1,1,1,1,1,1,1,1,1
999,53350706,20230918,F,60,서울특별시,4.0,2,3,3,2,2,4,3,3,3,3,3,2
1000,53348801,20230918,F,60,서울특별시,4.0,2,4,3,3,2,3,3,3,3,4,4,2
1001,53375533,20230918,F,60,서울특별시,4.0,5,4,3,3,3,2,5,3,2,3,3,3
1002,53323357,20230918,F,60,서울특별시,4.0,3,3,3,3,3,3,3,4,4,4,3,2
1003,53324786,20230918,F,60,서울특별시,3.0,4,3,1,3,1,3,1,3,2,2,4,1
1004,53366261,20230918,F,60,서울특별시,1.0,3,4,4,3,3,3,3,3,4,3,3,3
1005,53344014,20230918,F,60,서울특별시,2.0,3,3,3,3,2,4,2,2,2,1,1,3
1006,53345245,20230918,F,50,서울특별시,2.0,4,3,3,4,4,5,5,3,5,4,4,3
1007,53363693,20230918,F,50,서울특별시,2.0,2,3,3,2,1,3,2,3,2,2,2,1
1008,53322503,20230918,F,50,서울특별시,4.0,1,4,1,4,1,3,3,4,4,4,3,2
1009,53323379,20230918,F,50,서울특별시,3.0,1,4,2,2,4,3,3,4,4,4,3,3
1010,53326139,20230918,F,50,서울특별시,3.0,3,5,4,5,3,3,3,5,4,4,5,3
1011,53336686,20230918,F,50,부산광역시,4.0,5,4,5,5,2,3,4,5,5,3,3,4
1012,53351207,20230918,F,50,부산광역시,2.0,3,4,4,3,3,4,3,4,3,4,4,3
1013,53350856,20230918,F,50,부산광역시,3.0,2,4,4,3,3,4,3,5,5,4,3,2
1014,53342919,20230918,F,50,충청남도(세종시 포함),2.0,3,3,3,2,2,3,2,3,3,3,3,3
1015,53368099,20230918,F,50,충청남도(세종시 포함),2.0,3,4,4,4,3,3,3,4,3,4,4,3
1016,53354437,20230918,F,40,서울특별시,2.0,3,3,3,3,3,3,3,3,3,4,5,3
1017,53323699,20230918,F,40,서울특별시,4.0,2,2,4,4,3,4,3,4,4,4,4,3
1018,53339267,20230918,F,40,서울특별시,3.0,3,3,3,4,3,4,3,3,4,4,4,4
1019,53368010,20230918,F,40,서울특별시,3.0,3,1,2,3,1,3,1,4,1,2,2,1
1020,53336599,20230918,F,40,전라북도,1.0,2,3,4,4,3,2,3,3,4,5,3,5
1021,53376981,20230918,F,40,전라북도,3.0,2,2,3,3,2,2,1,4,2,4,3,1
1022,53348924,20230918,F,30,서울특별시,3.0,1,1,3,3,1,3,1,4,3,3,3,3
1023,53360443,20230918,F,30,서울특별시,4.0,3,2,3,4,3,3,3,4,4,4,4,3
1024,53335453,20230918,F,30,서울특별시,2.0,2,3,4,4,3,4,3,4,4,4,4,3
1025,53355981,20230918,F,30,경기도,3.0,3,3,3,3,1,3,1,3,3,3,3,1
1026,53348121,20230918,F,30,경기도,2.0,1,1,1,3,1,3,3,5,4,5,5,1
1027,53331049,20230918,F,30,경기도,1.0,1,1,3,5,3,3,4,4,3,4,4,3
1028,53365946,20230918,F,30,경기도,3.0,3,3,4,4,3,4,3,4,4,4,3,3
1029,53358303,20230918,F,30,부산광역시,2.0,1,3,2,3,1,4,3,4,4,4,4,1
1030,53354476,20230918,F,30,울산광역시,2.0,1,4,3,3,1,5,3,4,4,4,4,1
1031,53346837,20230918,F,30,전라북도,2.0,1,4,2,3,2,3,3,4,3,4,3,1
1032,53355064,20230918,F,20,경기도,2.0,3,2,3,3,2,3,3,4,4,3,5,3
1033,53349204,20230918,F,20,경기도,4.0,1,1,3,2,2,5,3,5,4,5,4,2
1034,53346859,20230918,F,20,경기도,3.0,2,1,3,4,2,3,2,3,4,4,3,3
1035,53330298,20230918,F,20,경기도,4.0,3,3,3,3,3,3,3,3,3,3,3,3
1036,53356371,20230918,F,20,경기도,1.0,2,3,3,4,4,5,1,3,3,3,5,1
1037,53346199,20230918,M,50,서울특별시,1.0,1,1,1,1,1,1,1,1,1,1,1,1
1038,53338979,20230918,M,50,서울특별시,4.0,2,1,1,3,2,1,1,3,1,3,3,1
1039,53335483,20230918,M,50,서울특별시,4.0,3,4,3,3,3,4,3,3,3,3,3,3
1040,53348090,20230918,M,50,서울특별시,4.0,3,4,4,4,3,4,3,5,5,4,5,3
1041,53324809,20230918,M,50,서울특별시,4.0,3,4,2,3,2,3,2,4,3,2,4,2
1042,53363621,20230918,M,50,서울특별시,4.0,3,3,3,3,3,3,3,5,5,5,5,3
1043,53334939,20230918,M,50,대전광역시,2.0,3,3,3,3,2,3,3,3,3,2,3,2
1044,53327630,20230918,M,50,대전광역시,4.0,1,4,3,3,3,4,3,3,3,3,3,3
1045,53330497,20230918,M,50,대전광역시,4.0,2,3,3,3,2,4,2,3,3,2,3,2
1046,53343781,20230918,M,40,부산광역시,2.0,4,2,3,3,4,4,3,2,3,3,2,3
1047,53349736,20230918,M,40,울산광역시,4.0,3,2,3,3,3,3,3,3,3,3,3,2
1048,53332299,20230918,M,40,울산광역시,3.0,3,2,2,4,3,4,3,4,3,4,4,2
1049,53327058,20230918,M,30,부산광역시,3.0,1,1,3,3,1,3,1,3,1,1,1,1
1050,53372025,20230918,M,30,인천광역시,4.0,1,3,3,3,1,3,1,3,3,3,1,1
1051,53334863,20230918,M,30,인천광역시,4.0,1,4,4,1,1,3,1,3,3,2,4,1
1052,53357699,20230918,M,30,인천광역시,2.0,2,5,3,4,1,4,1,4,3,4,3,1
1053,53363549,20230918,M,30,울산광역시,2.0,1,3,1,1,1,1,1,1,1,1,1,1
1054,53361693,20230918,M,30,울산광역시,4.0,3,4,3,4,3,3,3,3,3,3,4,3
1055,53362047,20230918,M,50,부산광역시,2.0,1,3,1,2,1,1,1,1,1,1,1,1
1056,53334906,20230918,M,50,인천광역시,4.0,2,4,4,2,4,3,2,5,4,4,3,3
1057,53323516,20230918,F,20,서울특별시,4.0,1,3,3,2,3,3,3,4,2,3,4,1
1058,53324007,20230918,M,30,서울특별시,4.0,2,1,2,3,3,3,3,5,4,5,4,3
1059,53364051,20230918,M,60,대구광역시,1.0,4,4,3,3,4,2,4,4,4,4,3,2
1060,464734,20230918,M,20,경기도,4.0,3,4,4,4,2,3,3,4,5,4,3,1
1061,53376857,20230918,M,50,대구광역시,2.0,2,3,3,3,3,3,2,3,3,3,3,2
1062,53366871,20230918,F,30,충청북도,2.0,2,2,4,4,5,1,1,4,5,5,2,2
1063,53374185,20230918,F,60,경기도,2.0,1,1,4,2,1,4,1,4,4,4,4,1
1064,53343749,20230918,F,40,충청북도,4.0,2,4,4,4,2,3,3,3,3,4,4,3
1065,312084,20230918,F,60,경상남도,2.0,3,3,3,3,3,2,4,3,5,4,3,4
1066,350292,20230918,M,20,경기도,4.0,1,5,3,4,4,5,4,5,5,5,5,3
1067,361815,20230918,F,60,경상북도,2.0,2,2,2,4,4,4,3,3,3,4,3,3
1068,384784,20230918,F,60,경상남도,1.0,2,2,2,2,2,2,2,2,3,3,2,2
1069,402004,20230918,M,20,전라북도,1.0,3,4,3,4,3,3,3,3,3,3,3,3
1070,422332,20230918,M,20,경상남도,4.0,1,4,1,2,2,3,3,4,3,3,4,2
1071,426103,20230918,M,20,대구광역시,2.0,3,3,3,3,4,2,2,2,2,2,4,2
1072,432014,20230918,M,20,충청남도(세종시 포함),1.0,4,5,5,1,1,5,3,4,2,3,4,1
1073,444910,20230918,M,20,서울특별시,2.0,3,3,2,2,2,3,2,2,3,3,3,3
1074,452906,20230918,M,20,인천광역시,2.0,3,4,3,3,4,4,3,2,3,2,3,1
1075,458319,20230918,M,20,인천광역시,4.0,3,3,3,3,3,3,3,3,3,3,3,2
1076,459249,20230918,M,20,인천광역시,4.0,2,4,1,4,5,5,1,4,4,4,4,4
1077,463290,20230918,M,20,부산광역시,2.0,3,5,5,5,1,5,3,5,1,3,5,1
1078,464302,20230918,M,20,경기도,3.0,3,2,2,3,2,3,2,3,2,3,2,2
1079,465516,20230918,M,20,대구광역시,3.0,2,2,2,2,2,2,4,5,4,4,4,4
1080,466171,20230918,M,20,경상남도,1.0,1,5,4,5,4,5,5,5,3,5,5,1
1081,466737,20230918,M,20,경기도,4.0,1,5,3,4,1,3,1,5,4,3,5,3
1082,53322893,20230918,M,40,서울특별시,3.0,3,3,3,3,3,3,3,3,3,3,3,3
1083,53322966,20230918,M,60,서울특별시,4.0,1,1,3,4,2,3,3,3,4,3,4,1
1084,53325170,20230918,M,60,서울특별시,4.0,1,1,4,1,2,3,3,4,4,4,3,1
1085,53325467,20230918,F,50,경상남도,2.0,3,1,3,3,1,4,5,5,3,5,4,1
1086,53325585,20230918,M,60,경상남도,3.0,1,3,2,4,2,3,2,4,2,4,1,2
1087,53325999,20230918,M,50,전라북도,3.0,3,4,3,3,2,3,3,3,3,3,3,3
1088,53326245,20230918,F,30,충청남도(세종시 포함),4.0,3,3,3,3,3,3,3,3,3,3,3,3
1089,53326289,20230918,F,30,충청남도(세종시 포함),2.0,1,1,2,4,2,5,1,4,5,4,5,2
1090,53326464,20230918,M,40,경기도,4.0,1,4,3,4,1,4,1,4,1,3,4,2
1091,53326478,20230918,F,40,충청남도(세종시 포함),3.0,1,1,1,4,1,3,1,3,2,3,4,1
1092,53326512,20230918,F,50,경기도,2.0,3,4,4,4,4,4,4,4,4,4,4,4
1093,53326595,20230918,M,60,경기도,3.0,2,4,4,3,2,2,2,3,2,2,2,2
1094,53326620,20230918,M,40,서울특별시,3.0,3,3,3,3,3,3,3,3,3,3,3,3
1095,53327158,20230918,M,30,경기도,2.0,2,3,2,4,3,5,2,5,5,4,5,1
1096,53327186,20230918,M,60,경상북도,3.0,3,2,3,4,3,2,3,3,3,3,3,4
1097,53327328,20230918,F,50,인천광역시,3.0,1,3,3,4,5,4,4,4,5,3,5,2
1098,53327329,20230918,M,50,강원도,4.0,1,1,2,3,2,4,4,4,4,4,4,3
1099,53327404,20230918,F,60,부산광역시,1.0,2,3,3,3,2,3,4,5,4,3,4,2
1100,53327629,20230918,F,60,충청남도(세종시 포함),2.0,3,1,3,3,3,3,3,3,4,4,3,3
1101,53328765,20230918,M,60,충청북도,2.0,3,1,3,3,3,3,3,3,3,3,3,3
1102,53328887,20230918,F,20,서울특별시,4.0,1,2,3,3,3,5,4,5,5,5,5,3
1103,53329873,20230918,M,60,인천광역시,2.0,2,3,2,3,3,3,4,4,2,4,4,2
1104,53330479,20230918,M,20,부산광역시,4.0,1,4,2,3,3,3,3,3,2,3,3,3
1105,53330752,20230918,F,30,대구광역시,4.0,1,4,4,5,1,4,3,5,3,3,5,1
1106,53331427,20230918,M,50,경기도,4.0,1,3,2,4,2,4,3,5,4,3,2,1
1107,53331632,20230918,F,60,울산광역시,3.0,1,3,1,1,1,1,1,1,1,1,1,1
1108,53331655,20230918,F,30,인천광역시,4.0,1,4,4,2,3,5,3,4,4,3,4,2
1109,53331841,20230918,M,50,광주광역시,1.0,2,1,3,3,1,4,2,3,4,4,3,2
1110,53332549,20230918,F,60,경기도,4.0,2,2,3,4,2,2,2,2,3,2,2,2
1111,53332872,20230918,M,50,경기도,4.0,2,2,2,5,1,4,3,4,4,4,4,2
1112,53332893,20230918,F,30,전라남도,2.0,1,3,1,4,1,3,1,3,3,3,3,1
1113,53333697,20230918,M,20,경기도,4.0,3,3,3,3,3,3,3,3,3,3,3,3
1114,53333780,20230918,M,30,경기도,2.0,1,3,1,1,1,2,1,1,1,1,1,1
1115,53334684,20230918,F,40,강원도,3.0,1,1,3,3,2,3,3,4,3,4,4,3
1116,53334828,20230918,M,30,서울특별시,2.0,2,3,3,3,2,2,4,3,3,2,3,3
1117,53335079,20230918,F,40,경기도,4.0,1,2,3,3,3,3,3,4,3,4,4,3
1118,53335277,20230918,M,60,경상남도,4.0,3,3,3,3,3,3,3,3,3,3,3,3
1119,53335509,20230918,M,40,경상남도,3.0,3,3,3,3,3,3,3,3,3,3,3,3
1120,53335523,20230918,F,50,광주광역시,3.0,1,1,1,1,1,1,1,1,1,1,1,1
1121,53335621,20230918,F,30,경상남도,2.0,1,4,3,4,2,2,3,4,3,4,4,1
1122,53335721,20230918,M,30,경기도,2.0,3,3,3,3,1,3,3,3,3,3,3,1
1123,53335797,20230918,F,20,서울특별시,4.0,2,3,3,2,2,2,3,3,3,4,3,3
1124,53336497,20230918,F,60,경기도,3.0,2,3,2,2,2,4,2,4,4,4,3,4
1125,53336677,20230918,M,60,인천광역시,2.0,1,4,3,3,2,1,2,2,2,2,3,1
1126,53336895,20230918,F,50,강원도,4.0,2,3,4,4,3,4,3,4,4,4,4,3
1127,53336905,20230918,M,40,대구광역시,3.0,1,2,4,4,1,1,1,4,1,1,3,1
1128,53336933,20230918,M,50,대구광역시,3.0,2,3,2,4,1,2,1,1,1,1,4,1
1129,53336965,20230918,F,40,대전광역시,3.0,1,4,3,4,1,4,3,4,3,3,4,2
1130,53337062,20230918,F,50,경기도,1.0,1,1,3,3,1,3,3,3,4,3,3,2
1131,53337179,20230918,F,50,경기도,4.0,2,5,4,3,2,3,3,5,5,5,3,1
1132,53337494,20230918,F,20,부산광역시,2.0,2,2,2,3,2,4,2,2,2,2,2,2
1133,53338697,20230918,M,30,경기도,4.0,2,3,4,3,2,3,3,3,4,3,3,2
1134,53338880,20230918,M,40,경기도,2.0,1,5,5,5,1,5,1,5,1,5,5,1
1135,53339208,20230918,F,20,대구광역시,3.0,2,4,2,3,1,3,2,4,4,3,4,1
1136,53339357,20230918,M,60,울산광역시,2.0,2,3,2,4,2,3,4,3,2,3,3,1
1137,53339538,20230918,F,50,울산광역시,4.0,3,2,3,3,4,3,2,4,4,4,2,4
1138,53339573,20230918,M,40,경기도,4.0,3,4,4,4,3,4,3,3,3,3,4,3
1139,53339877,20230918,M,60,경기도,2.0,2,3,4,3,2,4,2,4,4,4,4,3
1140,53340026,20230918,F,60,광주광역시,2.0,2,3,3,3,3,3,4,3,3,3,3,4
1141,53340576,20230918,M,50,대구광역시,3.0,1,1,1,2,2,4,4,4,4,4,5,1
1142,53341494,20230918,F,50,경기도,3.0,1,4,2,5,3,3,3,3,4,3,5,3
1143,53341788,20230918,M,40,경상북도,1.0,1,4,1,3,1,1,1,3,1,1,3,1
1144,53341790,20230918,M,60,충청남도(세종시 포함),4.0,1,2,2,5,3,3,3,5,4,4,4,3
1145,53342078,20230918,F,20,서울특별시,3.0,1,5,2,1,1,5,1,5,5,5,5,1
1146,53342085,20230918,F,40,경기도,3.0,1,1,4,5,1,4,1,3,3,3,4,1
1147,53342351,20230918,F,60,경기도,2.0,2,4,3,2,3,4,3,3,3,3,4,2
1148,53342422,20230918,M,60,전라남도,3.0,2,2,2,3,3,2,3,3,3,1,2,3
1149,53342716,20230918,M,60,인천광역시,2.0,3,3,3,3,3,3,3,3,3,3,3,3
1150,53342804,20230918,F,40,충청북도,2.0,1,3,3,3,3,3,3,3,3,3,3,3
1151,53343032,20230918,F,50,경기도,3.0,1,2,2,1,4,3,2,3,4,5,3,1
1152,53343458,20230918,F,40,경기도,4.0,1,4,3,3,3,3,3,3,3,4,3,3
1153,53343559,20230918,M,30,경기도,3.0,1,5,5,4,1,5,1,5,5,4,5,1
1154,53344101,20230918,M,30,충청북도,2.0,1,4,3,3,3,2,1,2,2,2,3,1
1155,53344541,20230918,M,40,서울특별시,2.0,2,4,4,4,1,3,3,1,1,1,3,1
1156,53344885,20230918,M,60,경기도,3.0,1,5,4,4,2,4,4,4,2,4,4,1
1157,53345415,20230918,M,40,충청남도(세종시 포함),2.0,1,1,1,3,1,3,2,3,4,4,3,1
1158,53346493,20230918,F,60,경기도,1.0,1,1,3,4,1,4,4,3,4,4,4,4
1159,53346555,20230918,M,40,경기도,2.0,3,5,4,3,3,5,4,4,4,3,4,3
1160,53346697,20230918,F,40,강원도,1.0,2,3,3,2,2,3,2,3,3,3,2,3
1161,53346731,20230918,M,40,인천광역시,4.0,3,3,3,3,3,3,3,5,3,3,3,3
1162,53346942,20230918,F,60,경기도,3.0,3,2,1,1,1,3,1,4,2,2,3,1
1163,53347234,20230918,M,20,충청남도(세종시 포함),4.0,1,4,4,2,1,5,1,5,2,4,4,1
1164,53347320,20230918,F,40,경기도,3.0,1,1,3,3,4,5,3,5,5,5,4,3
1165,53348145,20230918,F,30,경상북도,2.0,1,3,1,3,1,2,1,3,3,1,4,1
1166,53348714,20230918,F,30,경상남도,4.0,2,3,3,3,3,4,3,4,4,4,4,3
1167,53348883,20230918,M,60,경기도,2.0,2,3,3,3,2,4,3,4,4,4,3,3
1168,53349269,20230918,M,30,광주광역시,4.0,5,3,5,4,2,3,2,3,2,2,3,3
1169,53349313,20230918,F,20,충청남도(세종시 포함),4.0,3,4,3,3,3,3,3,4,4,4,3,3
1170,53349707,20230918,F,30,대구광역시,4.0,1,1,1,4,1,2,1,3,3,3,3,2
1171,53350337,20230918,M,60,서울특별시,4.0,2,3,3,3,3,3,3,3,3,3,3,3
1172,53350486,20230918,F,40,대전광역시,2.0,3,5,4,3,3,4,3,3,3,3,3,3
1173,53350582,20230918,F,60,충청북도,4.0,2,2,1,1,2,3,4,2,1,3,4,4
1174,53350653,20230918,M,30,경기도,3.0,1,1,1,4,1,3,1,4,3,3,4,1
1175,53350693,20230918,M,60,대구광역시,3.0,1,1,1,1,1,1,1,1,1,1,1,1
1176,53351080,20230918,F,50,경기도,4.0,2,5,4,5,3,5,3,5,5,5,5,3
1177,53351118,20230918,F,40,경기도,2.0,2,1,3,3,3,5,3,5,4,5,4,3
1178,53351125,20230918,F,60,충청북도,3.0,4,3,2,4,2,2,3,3,4,4,4,1
1179,53351369,20230918,M,40,서울특별시,3.0,1,1,1,3,1,4,1,4,4,4,4,2
1180,53351561,20230918,M,50,경기도,1.0,2,1,1,2,1,1,1,1,1,1,1,1
1181,53351639,20230918,M,40,경기도,2.0,2,4,4,4,2,4,3,4,4,4,4,1
1182,53351865,20230918,M,60,전라남도,4.0,3,3,3,3,3,4,4,3,5,4,3,3
1183,53351952,20230918,F,60,경기도,4.0,2,3,3,3,1,4,3,4,4,4,4,2
1184,53352042,20230918,F,60,충청북도,3.0,1,3,1,2,1,1,1,1,1,1,1,1
1185,53352755,20230918,F,40,경기도,3.0,1,1,3,3,1,1,3,4,4,4,4,1
1186,53353593,20230918,F,60,충청북도,3.0,3,3,3,4,1,3,3,3,2,2,3,3
1187,53354171,20230918,F,60,경상남도,1.0,3,4,3,4,3,4,3,4,4,4,3,2
1188,53354637,20230918,F,20,서울특별시,1.0,1,3,1,2,2,4,2,5,5,4,5,1
1189,53355073,20230918,M,60,경기도,1.0,1,1,1,1,1,3,1,1,1,1,1,1
1190,53355677,20230918,F,50,대구광역시,3.0,1,1,1,1,1,1,1,1,1,1,1,1
1191,53355750,20230918,F,40,전라남도,3.0,5,1,5,1,1,2,1,3,3,3,3,1
1192,53356023,20230918,F,60,경기도,2.0,2,2,3,3,3,3,4,3,3,3,3,4
1193,53356160,20230918,F,20,광주광역시,1.0,2,4,3,2,1,3,2,4,4,4,4,2
1194,53358273,20230918,F,40,경기도,4.0,3,3,3,5,2,5,4,5,5,5,5,3
1195,53358531,20230918,M,50,경기도,4.0,3,3,3,3,3,3,3,3,3,3,3,3
1196,53359294,20230918,F,30,경상남도,1.0,1,4,4,3,2,3,3,3,3,3,3,3
1197,53359314,20230918,M,60,대전광역시,2.0,1,4,3,5,3,3,3,4,3,4,5,3
1198,53359422,20230918,F,60,충청북도,2.0,3,3,3,3,3,3,3,3,3,3,3,2
1199,53359504,20230918,M,40,경상남도,4.0,2,1,3,4,1,3,1,2,1,1,3,1
1200,53359852,20230918,F,20,경상북도,2.0,3,3,3,3,3,3,3,3,3,3,3,3
1201,53359875,20230918,F,40,부산광역시,2.0,1,1,3,3,3,5,3,5,4,3,4,3
1202,53359954,20230918,F,60,제주도,3.0,2,3,2,2,3,2,4,3,3,4,3,3
1203,53360097,20230918,M,40,인천광역시,3.0,2,4,3,1,2,3,2,3,3,2,2,1
1204,53360717,20230918,M,40,광주광역시,4.0,1,2,2,3,2,5,1,4,4,1,1,1
1205,53360735,20230918,F,30,경상북도,1.0,1,5,3,4,1,4,3,4,3,4,4,1
1206,53360933,20230918,F,50,경기도,4.0,1,5,4,2,1,3,1,3,3,3,5,1
1207,53361283,20230918,M,30,충청북도,3.0,3,4,3,3,3,3,3,3,3,3,3,3
1208,53361443,20230918,M,60,서울특별시,4.0,1,3,1,1,1,4,4,5,4,4,4,2
1209,53361774,20230918,M,30,경상북도,2.0,1,5,4,5,1,4,2,4,5,1,4,2
1210,53362096,20230918,M,60,경상남도,3.0,3,3,3,3,3,3,3,3,3,3,3,3
1211,53362672,20230918,M,30,경기도,3.0,1,1,3,3,1,3,2,5,4,5,3,2
1212,53363565,20230918,F,30,경상남도,1.0,1,2,3,5,5,4,4,4,4,5,4,3
1213,53363798,20230918,M,20,경기도,4.0,4,3,4,4,4,4,4,4,4,4,4,4
1214,53364249,20230918,F,50,경기도,3.0,1,1,3,4,3,3,3,4,3,3,3,3
1215,53364463,20230918,M,60,경기도,4.0,1,1,1,1,1,2,1,4,1,2,1,1
1216,53364875,20230918,M,60,경기도,4.0,2,2,2,3,3,4,4,4,4,3,4,3
1217,53364910,20230918,F,20,경상북도,4.0,2,3,3,4,3,5,3,4,3,3,3,1
1218,53365001,20230918,M,50,경상남도,3.0,1,3,2,3,1,3,1,3,2,3,3,1
1219,53365186,20230918,F,60,경상북도,2.0,1,1,1,1,1,1,1,3,1,4,1,1
1220,53365537,20230918,F,60,경기도,2.0,3,3,3,3,1,3,2,3,3,2,3,1
1221,53366170,20230918,M,40,경기도,3.0,2,1,2,3,2,2,2,3,3,2,2,2
1222,53367075,20230918,F,20,충청북도,1.0,1,1,3,3,3,3,3,3,3,3,3,3
1223,53367155,20230918,M,60,경기도,1.0,4,4,4,4,4,4,4,4,4,4,4,4
1224,53367367,20230918,F,40,경상남도,2.0,1,2,2,2,1,3,2,3,1,3,3,1
1225,53367538,20230918,F,50,경기도,4.0,1,1,3,1,3,4,3,3,3,3,3,3
1226,53367840,20230918,M,50,광주광역시,3.0,2,4,3,4,2,3,3,3,2,3,3,4
1227,53368727,20230918,M,50,경기도,4.0,1,4,1,3,1,3,1,4,4,4,4,1
1228,53369099,20230918,F,50,경기도,3.0,1,2,2,2,2,2,2,3,2,2,3,1
1229,53370190,20230918,F,20,대전광역시,4.0,3,5,3,4,3,4,4,5,5,5,5,3
1230,53371428,20230918,M,50,경상남도,3.0,3,4,4,3,4,3,4,5,4,4,4,2
1231,53371760,20230918,F,60,경기도,3.0,2,2,3,3,2,4,3,4,4,4,4,2
1232,53372575,20230918,M,40,서울특별시,4.0,2,3,3,2,1,3,4,4,4,4,3,2
1233,53373424,20230918,F,60,울산광역시,3.0,1,1,3,2,2,3,5,4,3,4,4,4
1234,53373797,20230918,M,40,경상남도,3.0,2,3,2,4,2,4,3,3,3,4,4,2
1235,53374402,20230918,M,60,강원도,2.0,4,4,3,3,2,3,2,4,3,3,2,1
1236,53374458,20230918,M,50,경기도,4.0,1,3,3,3,1,5,1,3,4,4,4,3
1237,53374517,20230918,F,30,인천광역시,3.0,1,2,3,3,1,3,2,3,4,4,3,2
1238,53374587,20230918,F,30,충청남도(세종시 포함),4.0,2,4,3,3,2,4,2,4,4,4,5,3
1239,53374780,20230918,M,60,광주광역시,2.0,3,3,3,3,3,3,1,3,3,3,3,1
1240,53374817,20230918,M,20,경상남도,4.0,2,4,4,2,1,3,2,4,1,4,5,1
1241,53375474,20230918,M,40,광주광역시,2.0,3,4,3,4,3,4,3,3,3,4,4,2
1242,53376257,20230918,M,50,경기도,4.0,1,4,1,3,2,3,4,4,4,2,3,1
1243,53376640,20230918,M,50,충청남도(세종시 포함),3.0,3,3,3,4,3,4,3,4,3,3,4,3
1244,53376890,20230918,M,60,경기도,3.0,2,2,3,3,3,3,3,3,3,3,3,3
1245,53366812,20230821,F,60,부산광역시,3.0,2,3,3,4,3,3,3,4,4,3,3,1
1246,53324222,20230821,F,50,서울특별시,4.0,3,5,3,4,2,2,1,4,4,3,3,1
1247,53323916,20230821,F,50,서울특별시,4.0,2,3,3,3,3,3,3,3,3,3,3,3
1248,53339645,20230821,F,50,서울특별시,4.0,2,3,2,5,2,5,4,4,4,4,5,2
1249,53324584,20230821,F,50,서울특별시,2.0,1,3,3,3,1,3,3,4,4,5,2,1
1250,53338630,20230821,F,50,서울특별시,2.0,2,2,2,2,2,2,2,2,2,2,2,2
1251,53326504,20230821,F,50,서울특별시,2.0,3,4,2,1,2,2,3,2,3,4,2,3
1252,53364713,20230821,F,50,서울특별시,3.0,3,3,3,4,3,3,3,3,3,3,3,3
1253,53326266,20230821,F,50,광주광역시,1.0,2,2,2,2,1,4,2,4,4,4,4,1
1254,53363079,20230821,F,50,전라남도,3.0,2,1,3,3,3,3,3,4,4,5,5,3
1255,53349573,20230821,F,50,전라남도,3.0,4,4,4,4,4,4,4,4,4,4,4,4
1256,53356205,20230821,F,50,경상북도,2.0,1,4,4,4,2,3,3,4,4,4,4,2
1257,53333898,20230821,F,50,경상북도,3.0,2,2,3,3,2,3,2,3,3,3,3,3
1258,53360871,20230821,F,50,경상북도,3.0,3,3,1,3,1,3,1,3,4,4,2,1
1259,53347998,20230821,F,50,경상남도,2.0,1,5,1,1,1,1,1,1,1,1,1,1
1260,53349538,20230821,F,50,경상남도,3.0,1,2,2,1,1,1,1,1,2,1,2,1
1261,53370217,20230821,F,50,경상남도,3.0,1,1,2,1,1,2,2,3,1,1,2,1
1262,53368313,20230821,F,40,서울특별시,2.0,1,1,3,4,3,3,3,4,4,4,4,3
1263,53331964,20230821,F,40,서울특별시,1.0,2,1,3,2,2,4,2,5,4,4,3,2
1264,53326396,20230821,F,40,서울특별시,4.0,1,5,5,2,1,5,1,5,4,3,5,2
1265,53366672,20230821,F,40,서울특별시,2.0,3,1,2,3,2,2,2,1,5,4,5,2
1266,53337121,20230821,F,40,서울특별시,3.0,1,2,3,4,1,4,3,4,4,4,5,2
1267,53357568,20230821,F,40,대전광역시,4.0,1,1,4,2,3,5,2,2,2,3,1,1
1268,53327203,20230821,F,40,대전광역시,2.0,1,4,1,3,1,3,3,3,3,3,3,1
1269,53360674,20230821,F,40,충청북도,2.0,3,3,4,4,1,5,3,4,3,4,4,1
1270,53346574,20230821,F,40,전라남도,3.0,3,3,3,3,3,3,3,4,5,3,4,1
1271,53363320,20230821,F,30,서울특별시,2.0,3,3,3,3,3,3,3,3,3,3,3,3
1272,53342984,20230821,F,30,서울특별시,3.0,3,3,2,4,3,4,2,3,3,3,4,3
1273,53351062,20230821,F,30,서울특별시,3.0,3,4,4,3,2,3,4,4,4,4,4,3
1274,53361395,20230821,F,20,서울특별시,1.0,2,3,3,4,3,4,3,3,4,4,4,3
1275,53364672,20230821,F,20,서울특별시,1.0,1,3,3,3,1,3,1,4,1,4,3,1
1276,53330327,20230821,F,20,서울특별시,1.0,3,4,4,3,2,3,4,4,3,4,3,3
1277,53369445,20230821,F,20,경기도,2.0,2,5,3,4,4,5,3,4,3,3,4,2
1278,53358506,20230821,F,20,경기도,4.0,3,4,3,4,2,3,2,3,3,3,2,2
1279,53329936,20230821,F,20,경기도,4.0,1,2,1,5,1,4,1,4,5,5,4,1
1280,53347930,20230821,F,20,경기도,4.0,2,4,3,2,2,3,3,4,4,3,3,3
1281,53348832,20230821,F,20,경기도,2.0,1,2,1,1,1,4,2,2,3,3,4,1
1282,53337581,20230821,F,20,인천광역시,4.0,3,2,3,4,3,5,4,5,3,3,5,3
1283,53338164,20230821,F,20,인천광역시,4.0,2,4,3,3,1,4,2,4,3,3,3,3
1284,53360824,20230821,F,20,인천광역시,2.0,1,5,4,4,2,3,2,3,3,3,5,3
1285,53330787,20230821,M,60,경기도,2.0,1,1,3,5,1,2,1,2,3,2,3,1
1286,53358246,20230821,M,60,경기도,2.0,2,2,3,3,4,5,5,5,5,5,3,4
1287,53337355,20230821,M,60,경기도,2.0,1,4,3,3,2,3,3,3,3,3,3,2
1288,53337059,20230821,M,60,경기도,1.0,1,1,1,1,1,1,1,1,1,1,4,1
1289,53360178,20230821,M,60,경기도,1.0,3,3,3,3,2,3,3,3,3,1,3,3
1290,53342558,20230821,M,60,경기도,2.0,3,3,3,3,4,5,5,4,4,5,4,4
1291,53360459,20230821,M,60,경기도,3.0,4,4,4,5,2,3,3,3,3,3,3,3
1292,53361276,20230821,M,60,경기도,4.0,3,4,1,4,3,1,1,1,1,1,1,1
1293,53360072,20230821,M,50,부산광역시,2.0,3,3,4,3,3,3,4,4,3,3,4,3
1294,53338647,20230821,M,50,부산광역시,2.0,3,3,4,3,1,3,3,3,3,3,4,1
1295,53332971,20230821,M,40,서울특별시,3.0,5,5,5,5,5,5,1,5,5,5,5,1
1296,53347990,20230821,M,40,서울특별시,4.0,3,2,4,4,3,3,3,5,3,2,3,3
1297,53322837,20230821,M,40,서울특별시,2.0,3,3,3,3,3,3,3,3,3,3,3,3
1298,53334572,20230821,M,40,서울특별시,3.0,4,4,1,5,1,1,1,1,1,1,1,1
1299,53346724,20230821,M,40,서울특별시,4.0,3,4,3,4,3,4,4,4,4,4,4,2
1300,53324456,20230821,M,40,서울특별시,3.0,1,1,1,1,1,1,1,1,1,1,1,1
1301,53356392,20230821,M,40,서울특별시,4.0,2,3,3,4,3,3,3,3,3,4,3,3
1302,53360795,20230821,M,40,충청남도(세종시 포함),2.0,2,4,2,2,2,2,2,2,2,3,3,2
1303,53324927,20230821,M,30,서울특별시,2.0,1,2,2,1,1,1,1,3,3,3,3,1
1304,53324737,20230821,M,30,서울특별시,4.0,1,4,4,4,1,2,1,3,4,4,5,1
1305,53359454,20230821,M,30,서울특별시,2.0,3,3,3,4,3,3,3,3,4,3,4,3
1306,53335214,20230821,M,30,서울특별시,4.0,3,1,4,4,4,4,4,4,4,4,4,4
1307,53326031,20230821,M,30,전라남도,4.0,3,3,3,3,3,3,3,3,3,3,3,3
1308,53375928,20230821,M,30,전라남도,2.0,1,2,4,3,2,3,1,4,4,4,3,1
1309,53349112,20230821,M,30,전라남도,2.0,3,5,3,3,3,5,3,5,5,5,5,3
1310,424048,20230821,M,20,서울특별시,4.0,3,5,3,3,3,4,3,4,4,4,3,3
1311,458569,20230821,M,20,서울특별시,3.0,3,3,3,3,3,3,3,3,3,3,3,3
1312,463539,20230821,M,20,서울특별시,4.0,1,4,2,4,1,3,2,4,4,4,4,1
1313,453630,20230821,M,20,경상남도,3.0,4,5,4,4,3,4,3,4,3,3,4,3
1314,459615,20230821,M,20,경기도,3.0,3,3,1,3,2,5,2,4,3,3,2,4
1315,460230,20230821,M,20,전라북도,3.0,1,4,5,5,3,1,3,1,3,1,5,1
1316,460805,20230821,M,20,경상북도,4.0,5,5,2,4,4,2,4,3,2,2,4,2
1317,461224,20230821,M,20,경기도,4.0,1,5,5,1,1,3,1,4,2,2,4,2
1318,461700,20230821,M,20,울산광역시,4.0,1,4,2,5,5,5,5,4,3,3,2,3
1319,461724,20230821,M,20,대구광역시,4.0,3,4,3,3,3,3,3,3,3,3,3,3
1320,462453,20230821,M,20,대구광역시,3.0,3,3,5,4,4,5,4,5,3,3,4,3
1321,462695,20230821,M,20,경기도,4.0,1,1,1,1,1,1,1,1,1,5,1,1
1322,463091,20230821,M,20,충청북도,4.0,1,5,1,1,1,5,4,5,5,5,5,1
1323,463227,20230821,M,20,경상북도,1.0,1,5,1,5,2,5,5,5,4,3,5,1
1324,463260,20230821,M,20,경상북도,3.0,1,1,2,1,2,3,2,3,3,3,3,2
1325,463602,20230821,M,20,경기도,2.0,1,4,3,3,1,3,1,2,2,2,1,1
1326,463739,20230821,M,20,경기도,1.0,1,5,4,4,1,1,1,5,3,4,2,1
1327,463916,20230821,M,20,경기도,4.0,1,4,2,2,2,5,1,3,5,3,5,2
1328,464825,20230821,M,30,경기도,4.0,1,5,1,3,4,1,4,5,5,5,4,4
1329,464937,20230821,M,20,경상북도,2.0,1,1,2,3,1,3,2,5,4,5,5,1
1330,53323000,20230821,M,60,서울특별시,3.0,2,3,3,2,3,4,4,3,3,3,3,2
1331,53323388,20230821,F,60,서울특별시,4.0,2,3,3,2,3,3,3,3,3,3,3,3
1332,53324104,20230821,F,60,서울특별시,2.0,2,5,4,2,2,4,3,3,2,4,4,2
1333,53324231,20230821,F,60,서울특별시,3.0,2,3,3,3,3,3,3,3,3,3,3,2
1334,53324238,20230821,M,60,서울특별시,2.0,3,5,3,3,3,3,3,4,3,3,3,2
1335,53324774,20230821,M,60,서울특별시,4.0,2,3,2,5,2,5,2,5,3,3,3,1
1336,53326016,20230821,M,30,경상남도,1.0,2,4,4,4,2,3,2,3,3,3,4,2
1337,53326161,20230821,F,40,경기도,4.0,1,3,4,3,1,4,2,5,3,4,4,3
1338,53326288,20230821,F,30,경기도,3.0,1,4,2,4,1,3,3,5,4,5,4,3
1339,53326596,20230821,M,30,경기도,4.0,2,1,4,4,3,4,3,3,3,4,4,3
1340,53327109,20230821,F,30,인천광역시,2.0,3,3,3,4,5,3,3,5,5,5,3,3
1341,53327123,20230821,F,30,부산광역시,3.0,4,4,2,4,1,3,2,3,3,3,4,2
1342,53328664,20230821,F,30,인천광역시,2.0,1,4,4,5,4,3,3,3,3,3,5,3
1343,53329795,20230821,F,50,경기도,1.0,3,4,3,3,3,4,3,4,3,3,4,2
1344,53329857,20230821,M,60,충청북도,3.0,1,3,1,4,4,3,1,1,3,3,2,1
1345,53330097,20230821,F,50,대구광역시,4.0,1,1,1,1,1,3,1,3,3,3,3,1
1346,53330244,20230821,F,60,경기도,3.0,3,3,2,4,3,1,4,2,4,3,2,1
1347,53330444,20230821,F,50,인천광역시,4.0,2,1,4,4,3,3,2,3,3,3,4,2
1348,53331057,20230821,F,30,경기도,4.0,1,1,1,1,2,1,1,1,1,1,1,1
1349,53331135,20230821,M,20,경상남도,4.0,4,5,4,4,4,4,1,4,4,4,4,1
1350,53331651,20230821,M,30,경상북도,2.0,3,4,3,4,3,4,3,4,3,3,4,3
1351,53332110,20230821,F,30,경상남도,1.0,1,3,3,1,2,4,3,3,3,3,3,1
1352,53333358,20230821,M,30,인천광역시,2.0,1,5,1,1,1,1,1,1,1,1,1,1
1353,53333449,20230821,M,50,전라북도,3.0,3,3,3,4,3,3,3,3,3,4,4,3
1354,53333453,20230821,M,40,경기도,3.0,2,4,4,4,3,4,3,4,5,4,3,3
1355,53333604,20230821,M,30,경상남도,2.0,1,1,1,3,3,1,3,1,4,1,1,1
1356,53333737,20230821,F,60,경상남도,4.0,2,3,1,2,2,2,2,3,4,3,4,2
1357,53333839,20230821,F,20,전라남도,2.0,3,3,3,3,3,3,3,3,3,3,3,2
1358,53333955,20230821,M,40,부산광역시,3.0,1,5,5,5,1,5,1,5,1,5,5,1
1359,53333981,20230821,M,30,경기도,2.0,1,5,3,1,1,4,1,4,4,2,4,1
1360,53334398,20230821,M,40,인천광역시,3.0,2,4,4,4,3,4,3,3,3,3,4,3
1361,53334592,20230821,M,20,경기도,4.0,3,2,2,2,2,3,4,3,3,2,4,3
1362,53334932,20230821,M,50,경기도,2.0,2,2,3,2,1,1,1,1,1,1,1,1
1363,53335039,20230821,M,40,부산광역시,2.0,1,1,1,3,1,2,1,2,2,2,2,1
1364,53335153,20230821,F,60,서울특별시,4.0,3,5,4,4,3,4,3,4,4,4,3,3
1365,53335502,20230821,M,20,경기도,2.0,3,3,2,3,2,4,3,4,2,4,4,2
1366,53337230,20230821,M,30,충청북도,2.0,3,3,3,1,4,3,3,3,3,3,2,3
1367,53337684,20230821,M,60,강원도,2.0,1,1,2,2,2,3,3,4,4,4,4,2
1368,53337804,20230821,F,60,경상북도,3.0,1,5,1,1,1,3,1,3,1,3,4,1
1369,53338077,20230821,F,60,경기도,3.0,3,3,3,3,3,3,3,3,5,3,3,3
1370,53338346,20230821,M,50,경기도,3.0,1,1,5,3,1,5,1,3,5,1,5,1
1371,53338381,20230821,M,60,전라북도,1.0,1,1,1,1,1,1,1,1,1,4,1,1
1372,53338585,20230821,F,40,경기도,3.0,3,4,4,3,2,4,4,4,3,3,4,2
1373,53338623,20230821,M,60,서울특별시,4.0,3,3,3,3,3,3,3,4,4,4,4,3
1374,53338627,20230821,M,50,경상남도,3.0,2,2,4,3,3,4,4,4,3,4,2,4
1375,53338778,20230821,M,50,충청북도,2.0,1,5,1,4,4,5,3,5,5,5,4,2
1376,53339301,20230821,M,50,충청북도,4.0,2,4,4,4,2,4,4,4,4,4,4,2
1377,53339505,20230821,M,50,경기도,2.0,1,1,1,1,1,3,1,3,2,5,3,3
1378,53339985,20230821,M,50,경기도,3.0,1,1,2,4,1,3,2,3,3,4,4,2
1379,53340551,20230821,F,40,경상남도,4.0,2,2,2,3,2,4,3,5,2,4,4,2
1380,53340635,20230821,M,50,경상남도,4.0,4,2,2,3,2,3,2,4,4,4,4,2
1381,53341186,20230821,M,60,인천광역시,4.0,2,4,4,5,1,3,1,1,1,1,3,1
1382,53341522,20230821,F,30,강원도,2.0,3,3,3,5,3,3,3,5,5,5,3,3
1383,53341624,20230821,F,30,경기도,3.0,3,4,3,5,1,3,3,3,3,2,5,1
1384,53341695,20230821,F,60,경기도,3.0,2,2,3,2,3,3,2,4,3,3,3,3
1385,53341869,20230821,M,60,충청남도(세종시 포함),2.0,3,1,2,3,3,3,2,3,2,4,4,2
1386,53341976,20230821,F,30,충청북도,3.0,3,3,3,3,3,3,3,3,3,3,3,3
1387,53343338,20230821,M,30,제주도,2.0,1,4,3,3,1,3,1,1,1,1,3,1
1388,53344306,20230821,M,40,경상남도,2.0,3,3,3,3,3,3,3,3,3,3,3,3
1389,53344557,20230821,F,50,경기도,4.0,2,1,3,4,2,3,3,3,2,3,3,2
1390,53344715,20230821,F,40,경기도,4.0,1,3,3,3,1,3,1,3,3,3,3,3
1391,53345408,20230821,M,20,경기도,4.0,1,5,1,4,1,3,1,4,3,3,2,1
1392,53345674,20230821,M,60,강원도,2.0,3,2,3,3,3,3,3,4,1,4,3,3
1393,53345910,20230821,F,30,대구광역시,2.0,2,4,4,4,3,3,3,3,3,4,4,3
1394,53345987,20230821,F,60,경기도,4.0,1,4,4,4,3,4,4,4,4,3,4,1
1395,53346578,20230821,F,40,경상남도,3.0,3,4,3,3,3,3,3,3,3,3,3,3
1396,53346581,20230821,M,40,경상남도,3.0,2,3,3,4,3,3,4,3,3,3,4,1
1397,53346599,20230821,M,50,경기도,4.0,3,2,3,4,1,3,2,2,4,3,4,1
1398,53346799,20230821,F,60,강원도,3.0,3,4,4,4,4,3,3,3,3,3,3,3
1399,53346825,20230821,M,40,울산광역시,4.0,3,3,3,3,3,3,3,3,3,3,3,3
1400,53347628,20230821,F,60,인천광역시,3.0,1,3,3,3,1,2,1,3,1,2,3,1
1401,53348718,20230821,F,60,충청북도,1.0,1,2,1,2,2,5,2,4,1,1,4,1
1402,53348729,20230821,F,60,대구광역시,3.0,1,3,2,2,3,5,4,4,4,3,4,4
1403,53349040,20230821,M,60,전라남도,4.0,2,2,3,2,2,3,3,4,4,3,3,3
1404,53349342,20230821,F,20,부산광역시,4.0,3,4,3,4,3,3,3,3,3,3,3,3
1405,53349529,20230821,F,60,서울특별시,3.0,2,1,3,2,3,4,5,4,4,4,4,2
1406,53349973,20230821,F,40,인천광역시,2.0,3,2,4,3,3,4,5,4,4,3,4,3
1407,53350178,20230821,M,40,인천광역시,3.0,1,4,3,3,2,3,2,4,4,4,4,1
1408,53350225,20230821,M,50,대전광역시,1.0,2,2,4,2,2,3,3,4,4,4,4,3
1409,53350879,20230821,F,60,대구광역시,3.0,4,3,2,3,3,3,2,4,4,4,4,2
1410,53351304,20230821,F,30,충청남도(세종시 포함),2.0,1,1,2,2,1,2,2,1,2,2,2,1
1411,53351675,20230821,F,60,대전광역시,2.0,3,1,3,2,3,3,4,5,4,4,3,3
1412,53352005,20230821,F,60,대구광역시,3.0,2,3,2,3,2,2,2,3,4,3,3,1
1413,53352484,20230821,F,30,경기도,2.0,3,3,3,3,3,3,3,3,3,3,3,3
1414,53353248,20230821,F,40,경상남도,2.0,3,3,3,3,3,3,3,3,3,3,3,3
1415,53353716,20230821,F,60,광주광역시,4.0,3,1,3,4,2,4,3,3,4,3,3,3
1416,53353847,20230821,M,60,전라북도,3.0,2,4,2,3,5,4,3,5,5,5,5,2
1417,53354185,20230821,M,40,광주광역시,4.0,3,3,3,3,3,3,3,3,3,3,3,3
1418,53354226,20230821,M,40,대구광역시,3.0,1,1,1,1,1,1,1,1,1,1,4,1
1419,53354456,20230821,F,30,인천광역시,4.0,3,3,3,5,3,3,3,3,3,3,3,2
1420,53355184,20230821,M,60,경상북도,4.0,3,3,3,4,4,3,3,3,3,3,3,3
1421,53355298,20230821,F,30,경기도,2.0,2,5,4,3,3,4,3,5,5,5,5,2
1422,53355535,20230821,F,30,경기도,1.0,1,1,3,3,1,3,2,4,3,4,2,1
1423,53355637,20230821,F,50,경기도,4.0,1,3,3,3,1,3,1,3,3,3,3,1
1424,53355695,20230821,M,60,경상북도,3.0,2,2,2,2,3,4,2,4,4,4,2,2
1425,53355840,20230821,F,50,경기도,4.0,3,3,4,3,3,3,3,4,3,4,4,3
1426,53355847,20230821,F,50,충청남도(세종시 포함),4.0,3,5,3,4,3,3,4,4,4,4,4,1
1427,53355896,20230821,M,50,경기도,4.0,2,4,3,4,3,3,3,3,5,4,4,3
1428,53356454,20230821,F,40,인천광역시,3.0,2,3,1,3,2,3,3,3,3,3,4,3
1429,53356788,20230821,F,30,제주도,2.0,1,3,1,1,1,5,3,2,3,3,5,3
1430,53357416,20230821,M,30,경기도,1.0,3,3,2,4,1,3,2,4,4,5,3,2
1431,53357426,20230821,M,60,강원도,2.0,1,4,3,3,2,3,2,4,3,3,2,3
1432,53357437,20230821,M,40,대구광역시,2.0,1,3,3,4,1,1,1,1,1,1,1,1
1433,53357471,20230821,F,20,전라남도,2.0,2,3,2,4,3,5,1,3,3,3,4,1
1434,53357626,20230821,F,60,울산광역시,3.0,2,3,3,4,4,3,3,3,4,4,3,4
1435,53358106,20230821,F,30,대구광역시,2.0,1,2,4,4,1,4,4,5,5,5,5,3
1436,53358183,20230821,F,60,충청남도(세종시 포함),1.0,3,2,4,4,1,3,3,5,1,3,4,1
1437,53358823,20230821,F,40,경기도,4.0,4,4,4,4,3,4,4,4,4,4,4,3
1438,53359191,20230821,F,20,광주광역시,1.0,3,4,4,3,2,4,4,4,4,4,4,2
1439,53359212,20230821,M,30,울산광역시,2.0,4,4,4,5,3,4,4,4,4,4,4,2
1440,53359351,20230821,M,40,부산광역시,2.0,3,4,4,4,3,3,2,4,2,4,4,2
1441,53359353,20230821,F,40,부산광역시,2.0,1,2,3,4,2,3,2,3,2,3,3,1
1442,53359414,20230821,F,60,전라북도,3.0,4,3,4,4,4,4,4,4,4,4,4,4
1443,53359455,20230821,F,40,경기도,1.0,2,2,3,4,1,3,1,4,3,3,3,1
1444,53359904,20230821,F,50,경기도,4.0,1,1,1,1,1,1,1,1,1,1,1,1
1445,53360188,20230821,M,50,대구광역시,4.0,3,3,4,4,3,3,3,3,3,3,4,3
1446,53360335,20230821,M,50,강원도,2.0,1,1,4,5,5,5,5,5,5,5,5,5
1447,53361091,20230821,M,60,울산광역시,2.0,3,1,3,4,2,4,2,3,3,2,3,2
1448,53361099,20230821,M,50,경상북도,4.0,3,2,4,4,3,3,4,3,3,3,3,1
1449,53361103,20230821,F,60,충청남도(세종시 포함),2.0,1,1,4,1,3,4,3,4,4,2,5,1
1450,53362533,20230821,M,50,경기도,4.0,1,4,3,3,1,3,3,2,3,3,5,1
1451,53362602,20230821,M,50,경상북도,4.0,3,3,2,2,3,1,3,3,3,3,3,1
1452,53363364,20230821,M,40,충청북도,4.0,3,4,4,5,3,3,1,1,3,1,4,1
1453,53363555,20230821,M,40,대전광역시,4.0,1,4,1,3,1,3,1,1,4,4,4,1
1454,53363604,20230821,F,50,경기도,2.0,3,5,3,4,3,4,2,4,4,3,4,3
1455,53364035,20230821,M,50,경상북도,3.0,2,1,4,4,4,3,1,5,5,4,4,3
1456,53364424,20230821,F,30,대전광역시,3.0,3,5,3,3,3,3,3,4,5,5,5,1
1457,53364620,20230821,F,50,전라북도,3.0,3,3,2,3,3,3,3,2,2,3,2,3
1458,53364654,20230821,F,30,충청남도(세종시 포함),3.0,1,1,1,2,1,3,1,1,1,1,3,1
1459,53365308,20230821,F,60,서울특별시,4.0,1,2,2,2,1,1,2,2,1,3,3,1
1460,53365411,20230821,M,50,경기도,3.0,1,5,2,3,1,3,3,4,1,3,3,1
1461,53365758,20230821,F,50,충청남도(세종시 포함),4.0,2,2,3,2,1,4,5,5,4,5,5,1
1462,53365888,20230821,F,60,대구광역시,4.0,2,4,3,3,3,4,3,3,4,3,3,3
1463,53366200,20230821,M,50,충청남도(세종시 포함),3.0,2,4,3,3,4,2,4,4,4,4,4,2
1464,53366250,20230821,F,40,인천광역시,2.0,3,3,3,3,3,3,3,4,4,3,4,3
1465,53366503,20230821,M,50,대전광역시,2.0,1,4,2,4,2,4,3,4,3,4,5,2
1466,53366969,20230821,M,30,인천광역시,3.0,1,5,1,1,1,1,1,1,1,1,1,1
1467,53367182,20230821,F,50,충청남도(세종시 포함),1.0,2,3,2,2,2,3,3,1,1,1,3,1
1468,53367792,20230821,F,50,부산광역시,4.0,1,3,2,2,1,3,2,3,3,4,2,2
1469,53368421,20230821,M,50,울산광역시,3.0,2,2,2,3,3,3,2,4,4,4,4,4
1470,53368472,20230821,F,30,경상북도,2.0,2,4,4,3,1,4,3,4,3,4,4,1
1471,53368585,20230821,M,50,경기도,2.0,3,3,3,3,3,3,4,3,3,3,3,4
1472,53368715,20230821,F,50,울산광역시,2.0,2,3,3,2,1,3,3,3,3,3,3,3
1473,53368778,20230821,M,30,광주광역시,3.0,1,3,3,4,3,3,3,3,3,3,2,3
1474,53368932,20230821,M,60,부산광역시,3.0,3,4,3,4,4,4,3,3,4,4,3,1
1475,53370911,20230821,F,40,광주광역시,3.0,1,2,2,3,1,3,1,4,2,2,3,1
1476,53370946,20230821,F,60,경기도,3.0,2,2,2,2,2,3,2,3,3,3,4,2
1477,53371821,20230821,F,40,경상남도,3.0,2,3,3,3,4,3,3,3,3,4,4,2
1478,53372126,20230821,M,40,경기도,4.0,3,3,3,3,3,3,3,3,3,3,4,3
1479,53372197,20230821,M,40,경기도,3.0,1,2,2,3,1,4,1,4,3,5,4,2
1480,53372412,20230821,M,40,경기도,4.0,2,3,3,3,3,5,3,3,3,4,4,3
1481,53372433,20230821,F,20,충청남도(세종시 포함),3.0,3,5,2,5,1,2,5,2,3,2,4,2
1482,53372811,20230821,M,40,경상북도,2.0,1,4,3,3,1,4,4,4,3,4,3,1
1483,53372825,20230821,M,30,인천광역시,3.0,1,2,1,2,1,3,3,4,3,4,3,3
1484,53372988,20230821,M,40,광주광역시,2.0,2,4,4,3,2,3,2,3,2,3,3,1
1485,53373147,20230821,M,50,인천광역시,4.0,1,1,1,1,1,4,1,5,5,5,5,1
1486,53374138,20230821,F,60,서울특별시,2.0,4,3,4,3,2,3,4,3,4,4,4,2
1487,53374851,20230821,M,60,충청남도(세종시 포함),2.0,3,3,3,3,3,3,3,3,3,3,3,3
1488,53376010,20230821,F,20,대구광역시,2.0,1,4,2,1,1,4,2,4,1,3,4,1
1489,53376444,20230821,F,30,전라북도,1.0,2,4,3,3,2,5,2,5,3,4,3,2
1490,53376483,20230821,F,50,강원도,3.0,1,1,1,1,1,1,1,1,1,1,1,1
1491,53376517,20230821,M,40,경기도,3.0,2,3,2,4,2,4,4,4,4,4,4,2
1492,53376575,20230821,F,40,전라북도,3.0,1,3,3,3,3,3,3,3,4,4,4,1
1493,53376627,20230821,F,60,경기도,3.0,3,1,3,3,3,3,3,3,3,3,3,3
1494,53376657,20230821,M,40,경기도,4.0,2,5,4,4,3,3,4,4,3,4,5,3
